"","Entity","Code","Year","Happiness","Internet","Education","female_ratio","Fertility"
"1","Afghanistan","AFG",2008,3.723589897,1.84,3,48.50568643,6.25
"2","Afghanistan","AFG",2009,4.401778221,3.55,3.1,48.58539906,6.04
"3","Afghanistan","AFG",2010,4.75838089,4,3.2,48.62476914,5.82
"4","Afghanistan","AFG",2011,3.83171916,5,3.3,48.61892362,5.6
"5","Afghanistan","AFG",2012,3.782937527,5.454545455,3.4,48.58024527,5.38
"6","Afghanistan","AFG",2013,3.572100401,5.9,3.5,48.52649531,5.17
"7","Afghanistan","AFG",2014,3.130895615,7,3.5,48.48001044,4.98
"8","Afghanistan","AFG",2015,3.982854605,8.26,3.6,48.45455784,4.8
"9","Afghanistan","AFG",2016,4.220168591,10.59572642,3.6,48.45219852,4.64
"10","Albania","ALB",2007,4.634251595,15.03611541,9.2,49.92375773,1.67
"11","Albania","ALB",2009,5.485469818,41.2,9.3,49.8717696,1.65
"12","Albania","ALB",2010,5.268936634,45,9.3,49.82531983,1.65
"13","Albania","ALB",2011,5.867421627,49,9.3,49.76650962,1.67
"14","Albania","ALB",2012,5.510124207,54.65595904,9.6,49.69269141,1.69
"15","Albania","ALB",2013,4.550647736,57.2,9.7,49.61650883,1.7
"16","Albania","ALB",2014,4.813763142,60.1,9.7,49.55347483,1.71
"17","Albania","ALB",2015,4.606650829,63.2529327,9.7,49.51459864,1.71
"18","Albania","ALB",2016,4.511100769,66.3634447,10,49.50484324,1.71
"19","Algeria","DZA",2010,5.46356678,12.5,7.1,49.52494267,2.89
"20","Algeria","DZA",2011,5.317194462,14.9,7.4,49.52801585,2.93
"21","Algeria","DZA",2012,5.604595661,18.2,7.6,49.52479043,2.94
"22","Algeria","DZA",2014,6.354898453,29.5,7.9,49.51010283,2.89
"23","Algeria","DZA",2016,5.340853691,42.94552688,8,49.50037865,2.78
"24","Angola","AGO",2011,5.589000702,3.1,4.7,51.06027932,6.08
"25","Angola","AGO",2012,4.360249996,6.5,4.8,51.04281928,6
"26","Angola","AGO",2013,3.937106848,8.9,4.9,51.02470765,5.92
"27","Angola","AGO",2014,3.794837952,10.2,4.9,51.00715348,5.84
"28","Argentina","ARG",2006,6.312925339,20.9272021,9,51.08409153,2.43
"29","Argentina","ARG",2007,6.073158264,25.94663294,8.9,51.08574083,2.41
"30","Argentina","ARG",2008,5.961034298,28.11262348,8.9,51.08719767,2.4
"31","Argentina","ARG",2009,6.424133301,34,9.3,51.08779885,2.38
"32","Argentina","ARG",2010,6.441067219,45,9.8,51.08711586,2.37
"33","Argentina","ARG",2011,6.775805473,51,9.8,51.08508719,2.36
"34","Argentina","ARG",2012,6.468387127,55.8,9.8,51.08192964,2.35
"35","Argentina","ARG",2013,6.582260132,59.9,9.8,51.07785701,2.34
"36","Argentina","ARG",2014,6.671114445,64.7,9.8,51.07310795,2.32
"37","Argentina","ARG",2015,6.69713068,68.04306411,9.8,51.06792234,2.31
"38","Argentina","ARG",2016,6.427221298,70.96898082,9.9,51.06233592,2.29
"39","Armenia","ARM",2006,4.289310932,5.631787777,10.9,53.00554335,1.3
"40","Armenia","ARM",2007,4.881515503,6.021253397,11,53.0609573,1.4
"41","Armenia","ARM",2008,4.651972294,6.21,11,53.12775942,1.4
"42","Armenia","ARM",2009,4.177581787,15.3,11.1,53.18262984,1.6
"43","Armenia","ARM",2010,4.367811203,25,11.1,53.20799859,1.55
"44","Armenia","ARM",2011,4.260491371,32,11.2,53.19785254,1.5
"45","Armenia","ARM",2012,4.319711685,37.5,11.3,53.15940744,1.73
"46","Armenia","ARM",2013,4.277191162,41.9,11.4,53.10428773,1.71
"47","Armenia","ARM",2014,4.453083038,54.62280586,11.5,53.04946153,1.69
"48","Armenia","ARM",2015,4.34831953,59.10237771,11.6,53.00715986,1.66
"49","Armenia","ARM",2016,4.325471878,64.34602977,11.7,52.97996422,1.63
"50","Australia","AUS",2005,7.340688229,63,11.7,50.09233456,1.86
"51","Australia","AUS",2007,7.285390854,69.45,12,50.04069861,1.92
"52","Australia","AUS",2008,7.253757477,71.67,12.3,50.01165047,1.94
"53","Australia","AUS",2010,7.450047016,76,12.4,49.99375454,1.93
"54","Australia","AUS",2011,7.405616283,79.48769771,12.5,50.01356996,1.92
"55","Australia","AUS",2012,7.195585728,79,12.6,50.04896185,1.9
"56","Australia","AUS",2013,7.364169121,83.45349717,12.6,50.09187398,1.89
"57","Australia","AUS",2014,7.288550377,84,12.7,50.13146085,1.87
"58","Australia","AUS",2015,7.309060574,84.56051935,12.8,50.16030978,1.86
"59","Australia","AUS",2016,7.250080109,88.23865805,12.9,50.17645808,1.85
"60","Australia","AUS",2017,7.25703764,86.54472054,12.9,50.18277087,1.84
"61","Austria","AUT",2006,7.122211456,63.6,10.1,51.37370735,1.41
"62","Austria","AUT",2008,7.180953979,72.87,11.5,51.32832098,1.41
"63","Austria","AUT",2010,7.302678585,75.17,11.8,51.26434239,1.44
"64","Austria","AUT",2011,7.470512867,78.7399931,11.8,51.22465989,1.44
"65","Austria","AUT",2012,7.400688648,80.02999392,11.8,51.18027387,1.46
"66","Austria","AUT",2013,7.498802662,80.6188,11.9,51.13364321,1.47
"67","Austria","AUT",2014,6.949999809,80.99582496,12.1,51.08782715,1.48
"68","Austria","AUT",2015,7.07644701,83.94014193,12.1,51.04485564,1.49
"69","Austria","AUT",2016,7.048071861,84.32333129,12.1,51.00537939,1.49
"70","Austria","AUT",2017,7.293727875,87.93558659,12.1,50.96886151,1.5
"71","Azerbaijan","AZE",2006,4.727870941,11.99217733,10.7,50.66558736,1.82
"72","Azerbaijan","AZE",2007,4.56815958,14.54,10.2,50.60749887,1.84
"73","Azerbaijan","AZE",2008,4.817189217,17.08,10.2,50.55530473,1.87
"74","Azerbaijan","AZE",2009,4.573725224,27.4,10.7,50.50546748,1.91
"75","Azerbaijan","AZE",2010,4.218610764,46,10.7,50.45549581,1.96
"76","Azerbaijan","AZE",2011,4.680469513,50,10.7,50.40535669,2.01
"77","Azerbaijan","AZE",2012,4.910771847,54.2,10.7,50.35660326,2.05
"78","Azerbaijan","AZE",2013,5.481178284,73.00000137,10.8,50.31094934,2.08
"79","Azerbaijan","AZE",2014,5.25153017,75.00001564,10.7,50.27046098,2.09
"80","Azerbaijan","AZE",2015,5.146774769,77,10.7,50.23646493,2.09
"81","Azerbaijan","AZE",2016,5.303894997,78.2,10.7,50.20930806,2.08
"82","Azerbaijan","AZE",2017,5.152279377,79,10.7,50.18813361,2.06
"83","Bahrain","BHR",2009,5.700523376,53,8.4,37.75765084,2.18
"84","Bahrain","BHR",2010,5.936869144,55,8.4,37.6199364,2.14
"85","Bahrain","BHR",2011,4.82397604,76.9999665,8.6,37.70432938,2.12
"86","Bahrain","BHR",2012,5.027186871,88,8.8,37.95821303,2.09
"87","Bahrain","BHR",2013,6.689711094,90.0000397,9,38.24893551,2.08
"88","Bahrain","BHR",2014,6.165133953,90.50313348,9.1,38.39358271,2.07
"89","Bahrain","BHR",2015,6.00737524,93.47830114,9.3,38.27648343,2.05
"90","Bahrain","BHR",2016,6.169673443,97.9999807,9.4,37.87034978,2.03
"91","Bahrain","BHR",2017,6.227320671,95.87813575,9.4,37.27092502,2.01
"92","Bangladesh","BGD",2006,4.318909168,1,4.6,49.13130959,2.52
"93","Bangladesh","BGD",2007,4.607322216,1.8,4.7,49.20937616,2.44
"94","Bangladesh","BGD",2008,5.052278519,2.5,4.8,49.29320134,2.38
"95","Bangladesh","BGD",2009,5.08285141,3.1,4.8,49.36986986,2.32
"96","Bangladesh","BGD",2010,4.858481407,3.7,4.9,49.43048139,2.28
"97","Bangladesh","BGD",2011,4.985649109,4.5,5.1,49.47213641,2.24
"98","Bangladesh","BGD",2012,4.724443913,5,5.1,49.49813054,2.21
"99","Bangladesh","BGD",2013,4.660161018,6.63,5.1,49.51342342,2.18
"100","Bangladesh","BGD",2014,4.635564804,13.9,5.2,49.52542005,2.16
"101","Bangladesh","BGD",2015,4.633473873,14.4,5.2,49.53937661,2.13
"102","Bangladesh","BGD",2016,4.5561409,18.246938,5.2,49.55623343,2.1
"103","Belarus","BLR",2006,5.657649994,16.2,10,53.37419718,1.36
"104","Belarus","BLR",2007,5.616976261,19.7,10.6,53.4231015,1.4
"105","Belarus","BLR",2008,5.463332176,23,11.3,53.46452466,1.45
"106","Belarus","BLR",2009,5.56413126,27.43,11.9,53.49603436,1.5
"107","Belarus","BLR",2010,5.525923252,31.8,12,53.51599851,1.54
"108","Belarus","BLR",2011,5.225307941,39.64889566,12,53.52263406,1.58
"109","Belarus","BLR",2012,5.749043465,46.91,12,53.51675987,1.62
"110","Belarus","BLR",2013,5.876466274,54.17,12,53.50304703,1.65
"111","Belarus","BLR",2014,5.812400818,59.02,12.1,53.48780571,1.67
"112","Belarus","BLR",2015,5.718907833,67.3,12.2,53.47598978,1.69
"113","Belarus","BLR",2016,5.177899361,71.11304576,12.3,53.46911599,1.7
"114","Belarus","BLR",2017,5.552915096,74.43644541,12.3,53.46624719,1.71
"115","Belgium","BEL",2005,7.262290478,55.82,10.7,50.94063318,1.76
"116","Belgium","BEL",2007,7.218839645,64.44,11.1,50.91252576,1.8
"117","Belgium","BEL",2008,7.116590977,66,11,50.90173413,1.81
"118","Belgium","BEL",2010,6.853514194,75,11.1,50.89047317,1.81
"119","Belgium","BEL",2011,7.111363888,81.609996,11.2,50.89232539,1.8
"120","Belgium","BEL",2012,6.935122013,80.71999055,11.2,50.89812806,1.8
"121","Belgium","BEL",2013,7.10366106,82.1702,11.4,50.89909373,1.79
"122","Belgium","BEL",2014,6.855329037,85,11.5,50.88363122,1.79
"123","Belgium","BEL",2015,6.904219151,85.0529,11.7,50.84454361,1.79
"124","Belgium","BEL",2016,6.948936462,86.5165,11.8,50.77806898,1.79
"125","Belgium","BEL",2017,6.928347588,87.67968082,11.8,50.68928284,1.79
"126","Belize","BLZ",2007,6.450644493,24.6,10.4,49.8429965,2.89
"127","Belize","BLZ",2014,5.955646515,38.7,10.5,50.11899448,2.58
"128","Benin","BEN",2006,3.329801559,1.537854346,2.8,50.41638001,5.58
"129","Benin","BEN",2008,3.66713953,1.85,2.8,50.3775708,5.47
"130","Benin","BEN",2011,3.870279551,4.148323066,2.8,50.30450907,5.31
"131","Benin","BEN",2012,3.193468809,4.5,3,50.27002331,5.25
"132","Benin","BEN",2013,3.479412794,4.9,3.2,50.23391609,5.18
"133","Benin","BEN",2014,3.347419262,6,3.3,50.1994174,5.12
"134","Benin","BEN",2015,3.624664307,11.25498791,3.5,50.16876952,5.05
"135","Benin","BEN",2016,4.007357597,11.99404791,3.6,50.14227434,4.98
"136","Bhutan","BTN",2013,5.569091797,22.4,2.8,46.87081677,2.18
"137","Bhutan","BTN",2014,4.938578129,30.3,3.1,46.85324232,2.13
"138","Bhutan","BTN",2015,5.082128525,39.8,3.1,46.85675532,2.09
"139","Bolivia","BOL",2006,5.373986244,6.200671255,7.3,49.86863024,3.51
"140","Bolivia","BOL",2007,5.628419399,10.49924432,7.1,49.87183102,3.43
"141","Bolivia","BOL",2008,5.297872543,12.5,7.6,49.87561796,3.35
"142","Bolivia","BOL",2009,6.085579395,16.8,7.9,49.8801434,3.27
"143","Bolivia","BOL",2010,5.780620098,22.4,7.8,49.88556442,3.2
"144","Bolivia","BOL",2011,5.778874397,30,8,49.89186718,3.13
"145","Bolivia","BOL",2012,6.018894672,35.34,8.3,49.89887201,3.07
"146","Bolivia","BOL",2013,5.767428875,36.99,8.4,49.90641104,3.02
"147","Bolivia","BOL",2014,5.864798546,34.6,8.5,49.91424104,2.97
"148","Bolivia","BOL",2015,5.834329128,35.56227065,8.7,49.92206311,2.92
"149","Bolivia","BOL",2016,5.769723415,39.6975146,8.9,49.92980727,2.88
"150","Bosnia and Herzegovina","BIH",2007,4.899806976,27.92,7.5,50.87358379,1.29
"151","Bosnia and Herzegovina","BIH",2009,4.963477135,37.74,7.7,50.88162137,1.3
"152","Bosnia and Herzegovina","BIH",2010,4.66851759,42.75,7.1,50.88748764,1.31
"153","Bosnia and Herzegovina","BIH",2011,4.994670868,43.88768653,7.2,50.89496338,1.31
"154","Bosnia and Herzegovina","BIH",2012,4.773144722,45.06450043,8.3,50.90352752,1.31
"155","Bosnia and Herzegovina","BIH",2013,5.123664379,48.52131417,8.7,50.91170647,1.32
"156","Bosnia and Herzegovina","BIH",2014,5.248954296,49.91773243,9.2,50.91719167,1.33
"157","Bosnia and Herzegovina","BIH",2015,5.117177963,52.6,9,50.91857787,1.35
"158","Bosnia and Herzegovina","BIH",2016,5.180865288,60.26,9.7,50.91503275,1.36
"159","Bosnia and Herzegovina","BIH",2017,5.089902401,69.49115242,9.7,50.90671126,1.38
"160","Botswana","BWA",2006,4.739367008,4.289932975,8.4,50.62155264,2.95
"161","Botswana","BWA",2008,5.451147079,6.25,8.6,50.5803418,2.9
"162","Botswana","BWA",2010,3.553020239,6,8.9,50.55800292,2.88
"163","Botswana","BWA",2011,3.519921064,9,8.9,50.5590503,2.88
"164","Botswana","BWA",2012,4.835938931,16,9,50.5668142,2.86
"165","Botswana","BWA",2013,4.128298759,30,9.1,50.57746941,2.84
"166","Botswana","BWA",2014,4.031197071,36.74474744,9.2,50.58499488,2.81
"167","Botswana","BWA",2015,3.761964798,37.31205037,9.2,50.58652586,2.77
"168","Botswana","BWA",2016,3.498936653,39.36299738,9.3,50.58108944,2.73
"169","Brazil","BRA",2005,6.636771202,21.02274725,6.3,50.66014678,1.98
"170","Brazil","BRA",2007,6.320672989,30.88,6.5,50.69389014,1.88
"171","Brazil","BRA",2008,6.691424847,33.83,6.7,50.7111358,1.85
"172","Brazil","BRA",2009,7.000831604,39.22,6.8,50.72825994,1.82
"173","Brazil","BRA",2010,6.837331295,40.65,6.9,50.74504435,1.81
"174","Brazil","BRA",2011,7.037816525,45.69,7.1,50.76140584,1.79
"175","Brazil","BRA",2012,6.660003662,48.56,7.3,50.77739123,1.78
"176","Brazil","BRA",2013,7.140282631,51.04,7.4,50.79308626,1.77
"177","Brazil","BRA",2014,6.980998993,54.55100188,7.4,50.80862601,1.75
"178","Brazil","BRA",2015,6.546896935,58.32795173,7.6,50.82410643,1.74
"179","Brazil","BRA",2016,6.374817371,60.87254007,7.8,50.83953527,1.73
"180","Bulgaria","BGR",2007,3.843797922,33.64,10.5,51.32873844,1.42
"181","Bulgaria","BGR",2010,3.912276268,46.23,10.6,51.31200324,1.49
"182","Bulgaria","BGR",2011,3.875382423,47.97999305,10.7,51.31776328,1.5
"183","Bulgaria","BGR",2012,4.222297192,51.89998767,10.8,51.32966841,1.51
"184","Bulgaria","BGR",2013,3.993020535,53.0615,10.9,51.34530814,1.52
"185","Bulgaria","BGR",2014,4.438439846,55.49,10.9,51.36100185,1.53
"186","Bulgaria","BGR",2015,4.865401268,56.6563,11.8,51.37370231,1.55
"187","Bulgaria","BGR",2016,4.837560654,59.82554766,11.8,51.382692,1.56
"188","Bulgaria","BGR",2017,5.096901894,63.41010138,11.8,51.38879851,1.58
"189","Burkina Faso","BFA",2006,3.801490784,0.632707564,1.3,50.61361948,6.19
"190","Burkina Faso","BFA",2007,4.017130375,0.75,1.3,50.56363199,6.12
"191","Burkina Faso","BFA",2008,3.846438885,0.92,1.3,50.5136379,6.04
"192","Burkina Faso","BFA",2010,4.035560608,2.4,1.4,50.41644102,5.87
"193","Burkina Faso","BFA",2011,4.785367489,3,1.4,50.37002773,5.78
"194","Burkina Faso","BFA",2012,3.95500803,3.725034916,1.4,50.32522978,5.69
"195","Burkina Faso","BFA",2013,3.325949669,9.1,1.4,50.28222491,5.61
"196","Burkina Faso","BFA",2014,3.481347799,9.4,1.4,50.24104154,5.52
"197","Burkina Faso","BFA",2015,4.418930054,11.38764617,1.4,50.20173803,5.44
"198","Burkina Faso","BFA",2016,4.205634594,13.96,1.5,50.16440139,5.35
"199","Burundi","BDI",2008,3.563227654,0.81,2.5,50.87259118,6.45
"200","Burundi","BDI",2009,3.791680813,0.9,2.6,50.88838141,6.35
"201","Burundi","BDI",2011,3.705894232,1.11,2.6,50.89275753,6.16
"202","Burundi","BDI",2014,2.904535055,1.38,2.8,50.84654538,5.87
"203","Cambodia","KHM",2006,3.568744659,0.46835672,3.6,51.44419184,3.16
"204","Cambodia","KHM",2007,4.15597105,0.49,3.7,51.40686128,3.09
"205","Cambodia","KHM",2008,4.462163925,0.51,3.9,51.36197465,3.02
"206","Cambodia","KHM",2009,4.110625744,0.53,3.7,51.3194373,2.95
"207","Cambodia","KHM",2010,4.141072273,1.26,4.4,51.28603952,2.88
"208","Cambodia","KHM",2011,4.161225319,3.1,4.4,51.26349164,2.81
"209","Cambodia","KHM",2012,3.898706913,4.94,4.5,51.24931041,2.74
"210","Cambodia","KHM",2013,3.674466848,6.8,4.6,51.24087988,2.68
"211","Cambodia","KHM",2014,3.88330555,14,4.7,51.23405199,2.63
"212","Cambodia","KHM",2015,4.162164688,22.32743536,4.7,51.22594784,2.59
"213","Cambodia","KHM",2016,4.461259365,32.39845171,4.7,51.21646356,2.56
"214","Cambodia","KHM",2017,4.585842133,33.99999913,4.8,51.20651046,2.53
"215","Cameroon","CMR",2006,3.851072073,2.028744791,5.2,50.05211023,5.31
"216","Cameroon","CMR",2007,4.349939346,2.93,5.2,50.03635422,5.27
"217","Cameroon","CMR",2008,4.291800499,3.4,5.2,50.02171682,5.22
"218","Cameroon","CMR",2009,4.741408348,3.84,5.2,50.0090544,5.17
"219","Cameroon","CMR",2010,4.554256916,4.3,5.3,49.99885331,5.11
"220","Cameroon","CMR",2011,4.433885098,5,5.5,49.99135009,5.05
"221","Cameroon","CMR",2012,4.244634151,7.5,5.7,49.98599541,4.98
"222","Cameroon","CMR",2013,4.271038055,10,5.9,49.98159608,4.92
"223","Cameroon","CMR",2014,4.240441322,16.21487223,6,49.97662535,4.85
"224","Cameroon","CMR",2015,5.037964821,20.68014766,6.1,49.97017455,4.78
"225","Cameroon","CMR",2016,4.816232204,25,6.3,49.96200381,4.71
"226","Cameroon","CMR",2017,5.07405138,23.20297197,6.3,49.95267263,4.64
"227","Canada","CAN",2005,7.418048382,71.66,12.2,50.42608272,1.57
"228","Canada","CAN",2007,7.481752872,73.2,12.4,50.40637881,1.62
"229","Canada","CAN",2008,7.485603809,76.7,12.4,50.39699078,1.63
"230","Canada","CAN",2009,7.48782444,80.3,12.5,50.39002109,1.64
"231","Canada","CAN",2010,7.650346279,80.3,12.6,50.38643883,1.64
"232","Canada","CAN",2011,7.426053524,83,12.7,50.38684962,1.63
"233","Canada","CAN",2012,7.415144444,83,12.8,50.39040038,1.62
"234","Canada","CAN",2013,7.593793869,85.8,12.9,50.394944,1.61
"235","Canada","CAN",2014,7.30425787,87.12,13,50.39765087,1.6
"236","Canada","CAN",2015,7.412772655,88.47,13.1,50.39658182,1.59
"237","Canada","CAN",2016,7.244845867,91.16,13.1,50.39115382,1.58
"238","Central African Republic","CAF",2007,4.160129547,0.375815961,3.4,50.68134586,5.32
"239","Central African Republic","CAF",2010,3.567892551,2,3.6,50.66607531,5.22
"240","Central African Republic","CAF",2011,3.677826405,2.2,3.7,50.6660307,5.17
"241","Central African Republic","CAF",2016,2.693061113,4,4.3,50.67746655,4.87
"242","Chad","TCD",2006,3.434800625,0.581045764,1.6,50.06206826,6.99
"243","Chad","TCD",2007,4.141326904,0.847224521,1.7,50.04050774,6.9
"244","Chad","TCD",2008,4.632468224,1.19,1.8,50.02016372,6.8
"245","Chad","TCD",2009,3.639445066,1.5,1.8,50.00245593,6.7
"246","Chad","TCD",2010,3.742871046,1.7,1.9,49.98809645,6.59
"247","Chad","TCD",2011,4.393482208,1.9,2,49.97734496,6.48
"248","Chad","TCD",2012,4.03297472,2.1,2.1,49.96954379,6.37
"249","Chad","TCD",2013,3.507663012,2.5,2.1,49.96371136,6.26
"250","Chad","TCD",2014,3.460182905,2.9,2.2,49.95883027,6.16
"251","Chad","TCD",2015,4.322675228,3.5,2.3,49.95383818,6.05
"252","Chad","TCD",2016,4.029350281,5,2.3,49.94873913,5.95
"253","Chile","CHL",2006,6.062851906,34.49775117,9.5,50.52948598,1.96
"254","Chile","CHL",2007,5.697929859,35.9,9.4,50.52443108,1.95
"255","Chile","CHL",2008,5.789438725,37.3,9.9,50.51916808,1.93
"256","Chile","CHL",2009,6.493686199,41.56,9.9,50.51372451,1.9
"257","Chile","CHL",2010,6.63565588,45,9.8,50.50821936,1.88
"258","Chile","CHL",2011,6.526334763,52.24960729,9.8,50.50256626,1.86
"259","Chile","CHL",2012,6.599128723,55.05,9.9,50.49672887,1.83
"260","Chile","CHL",2013,6.74015379,58,9.9,50.49063785,1.82
"261","Chile","CHL",2014,6.844238281,61.11,10.1,50.48425964,1.8
"262","Chile","CHL",2015,6.532749653,76.63,10.3,50.47757143,1.79
"263","Chile","CHL",2016,6.579056263,83.56,10.3,50.47049488,1.77
"264","Chile","CHL",2017,6.320119381,82.32748693,10.3,50.46306445,1.77
"265","China","CHN",2006,4.560495377,10.52315262,6.9,48.57084062,1.57
"266","China","CHN",2007,4.86286211,16,7,48.56000024,1.58
"267","China","CHN",2008,4.84629488,22.6,7,48.54973556,1.58
"268","China","CHN",2009,4.454360962,28.9,7.1,48.53945503,1.59
"269","China","CHN",2010,4.652736664,34.3,7.3,48.52880233,1.59
"270","China","CHN",2011,5.037207603,38.3,7.4,48.51771645,1.59
"271","China","CHN",2012,5.094917297,42.30011749,7.5,48.50657111,1.6
"272","China","CHN",2013,5.241090298,45.8,7.5,48.49595924,1.6
"273","China","CHN",2014,5.195619106,47.9,7.6,48.48665993,1.61
"274","China","CHN",2015,5.303877831,50.3,7.7,48.47922338,1.62
"275","China","CHN",2016,5.32495594,53.2,7.8,48.4738191,1.62
"276","China","CHN",2017,5.099061489,54.3,7.8,48.47029142,1.63
"277","Colombia","COL",2006,6.024942875,15.34167454,6.7,50.6311633,2.16
"278","Colombia","COL",2007,6.138411522,21.8,7.2,50.64637583,2.12
"279","Colombia","COL",2008,6.168395042,25.6,7.3,50.66191271,2.08
"280","Colombia","COL",2009,6.271604538,30,7.3,50.67747776,2.04
"281","Colombia","COL",2010,6.40811348,36.5,7.4,50.69287045,2.01
"282","Colombia","COL",2011,6.463952541,40.35091575,7.5,50.70807197,1.98
"283","Colombia","COL",2012,6.374879837,48.98,7.6,50.72315664,1.95
"284","Colombia","COL",2013,6.606550694,51.7,7.8,50.73824774,1.92
"285","Colombia","COL",2014,6.44878912,52.57,8,50.75345916,1.9
"286","Colombia","COL",2015,6.387571812,55.90497251,8.1,50.768872,1.87
"287","Colombia","COL",2016,6.233715057,58.13649357,8.3,50.78450992,1.85
"288","Colombia","COL",2017,6.157341957,62.25988032,8.3,50.80032427,1.83
"289","Comoros","COM",2009,3.47602725,3.5,3.9,49.60512498,4.99
"290","Comoros","COM",2010,3.81219101,5.1,4.2,49.59706885,4.92
"291","Comoros","COM",2011,3.838485956,5.5,4.4,49.58971267,4.82
"292","Comoros","COM",2012,3.955640316,5.975296308,4.6,49.58320785,4.73
"293","Congo","COG",2008,3.819792271,4.287509903,6,49.9979589,5
"294","Congo","COG",2011,4.509824276,5.6,6.2,49.98169618,4.92
"295","Congo","COG",2012,3.919341803,6.106695024,6.2,49.97962605,4.88
"296","Congo","COG",2013,3.954950571,6.6,6.3,49.97844843,4.83
"297","Congo","COG",2014,4.05601263,7.11,6.3,49.97789001,4.78
"298","Congo","COG",2015,4.690830231,7.615974662,6.3,49.97752042,4.72
"299","Congo","COG",2016,4.119493484,8.121949323,6.3,49.97726221,4.66
"300","Costa Rica","CRI",2006,7.082465172,25.1,7.9,49.8695458,2.03
"301","Costa Rica","CRI",2007,7.432132244,28.4,8.1,49.87855493,2.01
"302","Costa Rica","CRI",2008,6.850679874,32.29,8.4,49.88777555,1.98
"303","Costa Rica","CRI",2009,7.614928722,34.33,8.4,49.89739922,1.95
"304","Costa Rica","CRI",2010,7.271053791,36.5,8.3,49.90772842,1.92
"305","Costa Rica","CRI",2011,7.228888512,39.212196,8.4,49.91887792,1.89
"306","Costa Rica","CRI",2012,7.272250175,47.5,8.5,49.9308355,1.87
"307","Costa Rica","CRI",2013,7.158000469,45.96,8.5,49.94316253,1.84
"308","Costa Rica","CRI",2014,7.247086048,53,8.6,49.95507169,1.82
"309","Costa Rica","CRI",2015,6.854004383,59.76295014,8.8,49.96627386,1.8
"310","Costa Rica","CRI",2016,7.135617733,66.02871285,8.8,49.9766124,1.78
"311","Costa Rica","CRI",2017,7.22518158,71.58166462,8.8,49.98616933,1.77
"312","Cote d'Ivoire","CIV",2009,4.197181702,2,4.1,48.92913239,5.26
"313","Cote d'Ivoire","CIV",2013,3.739365578,12,4.7,49.14078183,5.08
"314","Cote d'Ivoire","CIV",2014,3.570368528,19.2742298,4.4,49.19431384,5.03
"315","Cote d'Ivoire","CIV",2015,4.445038795,38.44,5,49.24581572,4.97
"316","Cote d'Ivoire","CIV",2016,4.542545795,41.21,5.1,49.29512136,4.91
"317","Cote d'Ivoire","CIV",2017,5.037734985,43.83992085,5.2,49.34258834,4.85
"318","Croatia","HRV",2007,5.820907593,41.44,10.1,51.83447047,1.41
"319","Croatia","HRV",2009,5.433319569,50.58,10.6,51.83485488,1.45
"320","Croatia","HRV",2010,5.595575333,56.55,10.8,51.83400487,1.47
"321","Croatia","HRV",2011,5.385372639,57.78997899,11,51.83258272,1.48
"322","Croatia","HRV",2012,6.027634621,61.93997315,11,51.83087453,1.49
"323","Croatia","HRV",2013,5.885462761,66.7476,11,51.82815933,1.49
"324","Croatia","HRV",2014,5.380692482,68.57,11.1,51.82386052,1.49
"325","Croatia","HRV",2015,5.205438137,69.8031,11.2,51.81715641,1.47
"326","Croatia","HRV",2016,5.416875362,72.69730605,11.3,51.80789634,1.46
"327","Croatia","HRV",2017,5.343165874,67.09619204,11.3,51.79629127,1.45
"328","Cuba","CUB",2006,5.417868614,11.15960131,10.1,49.84196514,1.57
"329","Cyprus","CYP",2006,6.237958431,35.83,10.9,49.45801311,1.5
"330","Cyprus","CYP",2009,6.833477497,49.81,11.3,49.96616844,1.44
"331","Cyprus","CYP",2010,6.386546135,52.99,11.5,50.06538673,1.42
"332","Cyprus","CYP",2011,6.689608574,56.85989235,11.6,50.0945025,1.41
"333","Cyprus","CYP",2012,6.180507183,60.6898684,11.8,50.06915946,1.39
"334","Cyprus","CYP",2013,5.438952446,65.4548,12,50.01136467,1.37
"335","Cyprus","CYP",2014,5.627123833,69.33,11.9,49.95474343,1.36
"336","Cyprus","CYP",2015,5.439161301,71.7159,11.9,49.92217802,1.35
"337","Cyprus","CYP",2016,5.794618607,75.90036019,12.1,49.92052152,1.34
"338","Cyprus","CYP",2017,6.062051296,80.74318897,12.1,49.94014646,1.34
"339","Czech Republic","CZE",2005,6.439256668,35.27,11.9,51.29218828,1.3
"340","Czech Republic","CZE",2007,6.500194073,51.93,12.2,51.147232,1.39
"341","Czech Republic","CZE",2010,6.249617577,68.82,12.4,50.91812721,1.47
"342","Czech Republic","CZE",2011,6.331490993,70.49,12.5,50.8822785,1.48
"343","Czech Republic","CZE",2012,6.334149361,73.43000782,12.4,50.8662992,1.49
"344","Czech Republic","CZE",2013,6.697655678,74.1104,12.6,50.86375153,1.5
"345","Czech Republic","CZE",2014,6.483729839,74.23171164,12.8,50.86497861,1.51
"346","Czech Republic","CZE",2015,6.608017445,75.6688387,12.7,50.86271252,1.52
"347","Czech Republic","CZE",2016,6.735627174,76.48120138,12.7,50.85545592,1.54
"348","Czech Republic","CZE",2017,6.789567947,78.71917285,12.7,50.84529044,1.56
"349","Democratic Republic of Congo","COD",2009,3.983848572,0.56,5.2,50.23578085,6.52
"350","Democratic Republic of Congo","COD",2011,4.516963959,1.2,5.6,50.19917904,6.42
"351","Democratic Republic of Congo","COD",2012,4.63922739,1.679961015,5.8,50.1815213,6.36
"352","Democratic Republic of Congo","COD",2013,4.497477055,2.2,6,50.16460325,6.3
"353","Democratic Republic of Congo","COD",2014,4.414299965,3,6.2,50.14876458,6.24
"354","Democratic Republic of Congo","COD",2015,3.902741671,3.799999507,6.4,50.13417066,6.17
"355","Democratic Republic of Congo","COD",2016,4.521935463,6.20997406,6.6,50.12089235,6.09
"356","Denmark","DNK",2005,8.01893425,82.74,12.8,50.47076554,1.8
"357","Denmark","DNK",2007,7.834233284,85.03,12.5,50.44046026,1.85
"358","Denmark","DNK",2008,7.970891953,85.02,12.9,50.42225141,1.89
"359","Denmark","DNK",2009,7.683358669,86.84,12.7,50.40219367,1.84
"360","Denmark","DNK",2010,7.770515442,88.72,12.7,50.3805954,1.88
"361","Denmark","DNK",2011,7.78823185,89.81001339,12.7,50.35695792,1.76
"362","Denmark","DNK",2012,7.519909382,92.26001172,12.8,50.33212664,1.73
"363","Denmark","DNK",2013,7.588606834,94.6297,13.2,50.30809803,1.88
"364","Denmark","DNK",2014,7.507559299,95.99,12.8,50.28778655,1.83
"365","Denmark","DNK",2015,7.514424801,96.3305,12.5,50.27316458,1.79
"366","Denmark","DNK",2016,7.55778265,96.96778525,12.6,50.26484335,1.74
"367","Denmark","DNK",2017,7.593702316,97.09936216,12.6,50.26241155,1.75
"368","Djibouti","DJI",2008,5.009330273,2.26,3.9,49.75672529,3.5
"369","Djibouti","DJI",2009,4.905925274,4,3.9,49.76106572,3.4
"370","Djibouti","DJI",2010,5.005810738,6.5,4,49.76660961,3.3
"371","Djibouti","DJI",2011,4.369193554,7,4,49.7722727,3.21
"372","Dominican Republic","DOM",2006,5.087967873,14.84492837,7.1,50.00833926,2.72
"373","Dominican Republic","DOM",2007,5.081305981,17.66,7.2,50.02766103,2.69
"374","Dominican Republic","DOM",2008,4.84230566,20.82,7.2,50.04655212,2.66
"375","Dominican Republic","DOM",2009,5.431613922,27.72,7.2,50.06517362,2.63
"376","Dominican Republic","DOM",2010,4.735021114,31.4,7.3,50.08352213,2.6
"377","Dominican Republic","DOM",2011,5.396535397,38,7.4,50.10160465,2.57
"378","Dominican Republic","DOM",2012,4.753311157,42.32,7.5,50.11951308,2.54
"379","Dominican Republic","DOM",2013,5.015515327,45.9,7.6,50.13717145,2.51
"380","Dominican Republic","DOM",2014,5.387331963,49.58,7.8,50.15461977,2.48
"381","Dominican Republic","DOM",2015,5.061862469,54.21576634,7.8,50.17189223,2.45
"382","Dominican Republic","DOM",2016,5.238698483,63.87,7.8,50.18893701,2.42
"383","Ecuador","ECU",2006,5.02419138,7.2,7.3,49.9294647,2.76
"384","Ecuador","ECU",2007,4.995875359,10.8,7.3,49.93922055,2.74
"385","Ecuador","ECU",2008,5.296513081,18.8,7.9,49.94877684,2.71
"386","Ecuador","ECU",2009,6.021803379,24.6,7.9,49.95799208,2.68
"387","Ecuador","ECU",2010,5.838051319,29.03,7.9,49.96687577,2.66
"388","Ecuador","ECU",2011,5.795088291,31.36680836,8,49.97539096,2.63
"389","Ecuador","ECU",2012,5.960716248,35.13514645,8.1,49.98359562,2.6
"390","Ecuador","ECU",2013,6.019206047,40.27912194,8.3,49.99156214,2.57
"391","Ecuador","ECU",2014,5.945851803,45.59039067,8.5,49.99931774,2.54
"392","Ecuador","ECU",2015,5.964075089,48.94043379,8.4,50.00692812,2.51
"393","Ecuador","ECU",2016,6.115437508,54.06292473,8.7,50.01439725,2.49
"394","Ecuador","ECU",2017,5.839518547,57.27224368,8.7,50.02170245,2.46
"395","Egypt","EGY",2005,5.167754173,12.75,5.6,49.58639079,3.02
"396","Egypt","EGY",2007,5.540510654,16.03,6,49.55184398,3.02
"397","Egypt","EGY",2008,4.631741047,18.01,6.2,49.5379332,3.06
"398","Egypt","EGY",2009,5.066164494,20,6.4,49.52428988,3.11
"399","Egypt","EGY",2010,4.668916225,21.6,6.5,49.50995096,3.19
"400","Egypt","EGY",2011,4.174158573,25.6,6.7,49.49484072,3.25
"401","Egypt","EGY",2012,4.204156876,26.4,6.8,49.47978813,3.31
"402","Egypt","EGY",2013,3.558520317,29.4,6.9,49.46582258,3.34
"403","Egypt","EGY",2014,4.885072708,33.89460391,7,49.45418685,3.34
"404","Egypt","EGY",2015,4.762538433,37.81938343,7.1,49.44565567,3.31
"405","Egypt","EGY",2016,4.556740761,41.24806709,7.2,49.44034656,3.27
"406","Egypt","EGY",2017,3.929344177,44.95020425,7.2,49.43782799,3.21
"407","El Salvador","SLV",2006,5.700929642,5.5,6.4,52.34404346,2.47
"408","El Salvador","SLV",2007,5.295535088,6.11,5.8,52.42758217,2.41
"409","El Salvador","SLV",2008,5.191493988,10.08,6.4,52.50780975,2.36
"410","El Salvador","SLV",2009,6.839087009,12.11,6.5,52.58427439,2.31
"411","El Salvador","SLV",2010,6.739911079,15.9,7.1,52.65668996,2.27
"412","El Salvador","SLV",2011,4.741294861,18.9,6.5,52.72457682,2.22
"413","El Salvador","SLV",2012,5.934371471,20.32138772,6.7,52.78777042,2.19
"414","El Salvador","SLV",2013,6.325063229,23.1093,6.6,52.84631197,2.16
"415","El Salvador","SLV",2014,5.856523514,24.76171215,6.5,52.90049476,2.13
"416","El Salvador","SLV",2015,6.018496037,26.80260496,6.6,52.95079794,2.1
"417","El Salvador","SLV",2016,6.139824867,28.99707305,6.9,52.99682255,2.08
"418","Estonia","EST",2006,5.371054649,63.51,12.2,53.53759864,1.58
"419","Estonia","EST",2007,5.332044125,66.19,12.2,53.52646898,1.62
"420","Estonia","EST",2008,5.451937675,70.58,12.3,53.4994469,1.64
"421","Estonia","EST",2009,5.137738705,72.5,12.4,53.4659002,1.65
"422","Estonia","EST",2011,5.486819744,76.5,12.5,53.3942316,1.63
"423","Estonia","EST",2012,5.363927841,78.38992593,12.5,53.3555735,1.62
"424","Estonia","EST",2013,5.367445946,80.0043,12.6,53.31394724,1.61
"425","Estonia","EST",2014,5.55598259,84.24152803,12.6,53.27226223,1.61
"426","Estonia","EST",2015,5.628908634,88.4118116,12.7,53.22930367,1.62
"427","Estonia","EST",2016,5.649675369,87.23733209,12.6,53.18689993,1.63
"428","Estonia","EST",2017,5.938395977,88.10245687,12.7,53.14546857,1.65
"429","Ethiopia","ETH",2012,4.561168671,2.9,2.4,50.08701576,4.68
"430","Ethiopia","ETH",2013,4.44482708,4.6,2.5,50.08310031,4.56
"431","Ethiopia","ETH",2014,4.506646633,7.7,2.5,50.07930786,4.44
"432","Ethiopia","ETH",2015,4.573154926,13.85517556,2.6,50.07572765,4.32
"433","Ethiopia","ETH",2016,4.297848701,15.36692386,2.7,50.07238446,4.2
"434","Finland","FIN",2006,7.672449112,79.66,12,51.02856166,1.84
"435","Finland","FIN",2008,7.67062664,83.67,12.2,50.97617455,1.85
"436","Finland","FIN",2010,7.393264294,86.89,12.3,50.92364881,1.87
"437","Finland","FIN",2011,7.354225159,88.70999491,12.3,50.89755682,1.83
"438","Finland","FIN",2012,7.420209408,89.87999797,12.4,50.87147962,1.8
"439","Finland","FIN",2013,7.444635868,91.5144,12.3,50.84490962,1.85
"440","Finland","FIN",2014,7.384571075,86.53039275,12.4,50.81685568,1.83
"441","Finland","FIN",2015,7.447925568,86.42213333,12.4,50.78701663,1.8
"442","Finland","FIN",2016,7.659843445,87.70364996,12.4,50.75508833,1.77
"443","Finland","FIN",2017,7.788251877,87.46892907,12.4,50.72152435,1.78
"444","France","FRA",2005,7.093392849,42.87,10.4,50.94216263,1.94
"445","France","FRA",2006,6.582700253,46.87,10.6,50.93793872,1.96
"446","France","FRA",2008,7.008064747,70.68,10.7,50.93126836,1.98
"447","France","FRA",2009,6.283498287,71.58,10.8,50.9267809,1.99
"448","France","FRA",2010,6.797901154,77.28,10.9,50.92034028,1.99
"449","France","FRA",2011,6.959185123,77.81999899,10.9,50.9117657,1.99
"450","France","FRA",2012,6.649365425,81.44,11,50.90135148,1.99
"451","France","FRA",2013,6.66712141,81.9198,11.2,50.88936921,1.98
"452","France","FRA",2014,6.466867924,83.75,11.4,50.87623129,1.98
"453","France","FRA",2015,6.357625008,78.01,11.5,50.8623451,1.98
"454","France","FRA",2016,6.475208759,79.27,11.5,50.84778686,1.98
"455","France","FRA",2017,6.635222435,80.5,11.5,50.83268354,1.98
"456","Gabon","GAB",2011,4.255400658,18,7.7,48.84691261,4.05
"457","Gabon","GAB",2012,3.97205925,24,7.8,48.7490729,4.01
"458","Gabon","GAB",2013,3.800287008,30.53803344,8.1,48.67898219,3.96
"459","Gabon","GAB",2014,3.918073177,38.07120929,8.1,48.63484204,3.91
"460","Gabon","GAB",2015,4.66101265,45.78453653,8.1,48.61292585,3.85
"461","Gabon","GAB",2016,4.831764221,48.05227375,8.2,48.61361348,3.79
"462","Georgia","GEO",2006,3.675108433,7.526876845,12.1,52.73824843,1.71
"463","Georgia","GEO",2007,3.707194567,8.26,12.1,52.69275349,1.77
"464","Georgia","GEO",2008,4.15609026,10.01,12.2,52.63010326,1.82
"465","Georgia","GEO",2009,3.800639153,20.07,12.2,52.56230104,1.87
"466","Georgia","GEO",2010,4.101837158,26.9,12.2,52.4980315,1.92
"467","Georgia","GEO",2011,4.203030586,31.52,12.2,52.43987955,1.95
"468","Georgia","GEO",2012,4.254445553,36.94,12.5,52.38616091,1.98
"469","Georgia","GEO",2013,4.348920822,43.3,12.6,52.33922537,2
"470","Georgia","GEO",2014,4.287508011,44,12.6,52.30102341,2
"471","Georgia","GEO",2015,4.121940613,47.56975964,12.7,52.27303843,2
"472","Georgia","GEO",2016,4.448386192,59.26,12.8,52.25752675,2
"473","Georgia","GEO",2017,4.45077467,60.49125755,12.8,52.25485542,1.99
"474","Germany","DEU",2005,6.619549751,68.71,13.3,51.1355227,1.35
"475","Germany","DEU",2007,6.416819572,75.16,13.7,51.07289554,1.36
"476","Germany","DEU",2008,6.521790028,78,13.7,51.04162846,1.37
"477","Germany","DEU",2009,6.64149332,79,13.8,51.00994973,1.38
"478","Germany","DEU",2010,6.724531174,82,13.8,50.97775385,1.39
"479","Germany","DEU",2011,6.621312141,81.26999954,13.9,50.94505546,1.41
"480","Germany","DEU",2012,6.702362061,82.34999847,14,50.91207962,1.42
"481","Germany","DEU",2013,6.965125084,84.17,14,50.87928466,1.43
"482","Germany","DEU",2014,6.984214306,86.19,14,50.84722104,1.44
"483","Germany","DEU",2015,7.037137508,87.5898,14.1,50.81627642,1.45
"484","Germany","DEU",2016,6.873763084,89.64710059,14.1,50.78647819,1.46
"485","Germany","DEU",2017,7.074324608,84.39550077,14.1,50.75779379,1.47
"486","Ghana","GHA",2006,4.535019875,2.723175973,6.5,50.15867965,4.44
"487","Ghana","GHA",2007,5.220148087,3.85,6.5,50.28193124,4.39
"488","Ghana","GHA",2008,4.965134621,4.27,6.6,50.38943911,4.35
"489","Ghana","GHA",2009,4.197695732,5.44,6.7,50.46470178,4.31
"490","Ghana","GHA",2010,4.606251717,7.8,6.7,50.4985478,4.27
"491","Ghana","GHA",2011,5.608199596,9,6.8,50.48790321,4.23
"492","Ghana","GHA",2012,5.057261944,10.6,6.8,50.44068235,4.19
"493","Ghana","GHA",2013,4.965053082,15,6.9,50.3722655,4.15
"494","Ghana","GHA",2014,3.860351086,25.51773743,6.9,50.30246002,4.1
"495","Ghana","GHA",2015,3.985916138,31.44785241,6.9,50.24464866,4.04
"496","Ghana","GHA",2016,4.514411449,34.66600065,7.1,50.20193942,3.98
"497","Greece","GRC",2005,6.006309986,24,9.8,50.48458579,1.4
"498","Greece","GRC",2007,6.646961212,35.88,10,50.58495808,1.44
"499","Greece","GRC",2009,6.038574696,42.4,10.1,50.67399626,1.43
"500","Greece","GRC",2010,5.839558601,44.4,10.3,50.7068279,1.41
"501","Greece","GRC",2011,5.372039795,51.64999517,10.3,50.72967211,1.39
"502","Greece","GRC",2012,5.096354008,55.06999344,10.3,50.74317648,1.37
"503","Greece","GRC",2013,4.720251083,59.8663,10.4,50.75030253,1.35
"504","Greece","GRC",2014,4.75623703,63.21,10.5,50.75543277,1.33
"505","Greece","GRC",2015,5.622519016,66.835,10.6,50.76180247,1.31
"506","Greece","GRC",2016,5.302619457,69.08791547,10.8,50.77027625,1.31
"507","Guatemala","GTM",2006,5.901429176,6.5,3.7,50.94701714,3.83
"508","Guatemala","GTM",2007,6.329581261,7.3,3.9,50.9325317,3.7
"509","Guatemala","GTM",2008,6.414494514,8.3,4.3,50.91600153,3.58
"510","Guatemala","GTM",2009,6.451916218,9.3,4.6,50.89867398,3.47
"511","Guatemala","GTM",2010,6.289748669,10.5,4.9,50.8815468,3.38
"512","Guatemala","GTM",2011,5.743353844,12.3,5.3,50.86507922,3.29
"513","Guatemala","GTM",2012,5.855717182,16,4.6,50.84943367,3.22
"514","Guatemala","GTM",2013,5.984601498,19.7,4.7,50.83469018,3.15
"515","Guatemala","GTM",2014,6.536030769,23.4,6.4,50.82068321,3.09
"516","Guatemala","GTM",2015,6.464986801,28.80594156,6.3,50.80734106,3.03
"517","Guatemala","GTM",2016,6.358916283,34.50932609,6.5,50.79473408,2.97
"518","Guinea","GIN",2011,4.044569492,2,2,49.96009124,5.26
"519","Guinea","GIN",2012,3.651554823,3.1,2.4,49.94264929,5.18
"520","Guinea","GIN",2013,3.901793003,4.5,2.6,49.92327043,5.09
"521","Guinea","GIN",2014,3.4124825,6.4,2.6,49.90420576,5.01
"522","Guinea","GIN",2015,3.504693508,8.2,2.6,49.88748326,4.93
"523","Guinea","GIN",2016,3.602854729,9.8,2.6,49.87311143,4.86
"524","Guyana","GUY",2007,5.992826462,13.8,8,49.91736465,2.76
"525","Haiti","HTI",2006,3.754156113,6.796000481,4.4,50.58494374,3.67
"526","Haiti","HTI",2008,3.846329212,7.6,4.6,50.57632018,3.49
"527","Haiti","HTI",2010,3.76599884,8.37,4.7,50.5662922,3.33
"528","Haiti","HTI",2011,4.844573975,9,4.8,50.56001629,3.25
"529","Haiti","HTI",2012,4.413475037,9.8,4.9,50.55313733,3.17
"530","Haiti","HTI",2013,4.62196207,10.6,5,50.54699209,3.1
"531","Haiti","HTI",2014,3.888778448,11.4,5.1,50.543123,3.03
"532","Haiti","HTI",2015,3.569762468,12.1977,5.2,50.54250877,2.97
"533","Haiti","HTI",2016,3.352300167,12.23260161,5.2,50.54561774,2.92
"534","Honduras","HND",2006,5.396519661,7.8,4.8,50.21297772,3.33
"535","Honduras","HND",2007,5.09715414,9.4,5,50.2028161,3.2
"536","Honduras","HND",2008,5.420331001,9.6,5.1,50.19325107,3.09
"537","Honduras","HND",2009,6.033189297,9.8,5.2,50.18453588,2.98
"538","Honduras","HND",2010,5.866131306,11.09,5.4,50.17641714,2.87
"539","Honduras","HND",2011,4.961031437,15.9,5.6,50.16926699,2.78
"540","Honduras","HND",2012,4.602218151,18.12,5.5,50.1628977,2.69
"541","Honduras","HND",2013,4.713358402,17.8,5.8,50.15718224,2.62
"542","Honduras","HND",2014,5.055726051,19.08,6.2,50.15212484,2.56
"543","Honduras","HND",2015,4.845436573,27.61981381,6.3,50.14751435,2.51
"544","Honduras","HND",2016,5.648154736,30,6.5,50.14337423,2.46
"545","Hong Kong","HKG",2006,5.511187077,60.8,11,52.25161063,0.99
"546","Hong Kong","HKG",2008,5.137261868,66.7,11.3,52.69361831,1.05
"547","Hong Kong","HKG",2009,5.397055626,69.4,11.4,52.89547402,1.08
"548","Hong Kong","HKG",2010,5.642834663,72,11.5,53.08064374,1.12
"549","Hong Kong","HKG",2011,5.474010944,72.2,11.4,53.24693705,1.15
"550","Hong Kong","HKG",2012,5.483764648,72.9,11.6,53.39501765,1.18
"551","Hong Kong","HKG",2014,5.458050728,79.86627043,11.9,53.6559513,1.24
"552","Hong Kong","HKG",2016,5.498420715,87.47784626,12,53.89915012,1.3
"553","Hong Kong","HKG",2017,5.362474918,89.41594465,12,54.01468021,1.32
"554","Hungary","HUN",2005,5.193933487,38.97,10.9,52.54721424,1.3
"555","Hungary","HUN",2007,4.953917027,53.3,11.3,52.56279428,1.32
"556","Hungary","HUN",2009,4.894600391,62,11.7,52.55934495,1.33
"557","Hungary","HUN",2010,4.725132465,65,11.9,52.55161994,1.33
"558","Hungary","HUN",2011,4.917602539,68.01998789,12,52.54026567,1.33
"559","Hungary","HUN",2012,4.683358192,70.57999815,12.2,52.52542027,1.33
"560","Hungary","HUN",2013,4.914466858,72.6439,12,52.50800167,1.34
"561","Hungary","HUN",2014,5.18056345,75.65319745,11.8,52.48917442,1.35
"562","Hungary","HUN",2015,5.34438324,72.8347,11.8,52.46967322,1.36
"563","Hungary","HUN",2016,5.448901653,79.25940132,11.9,52.4499558,1.37
"564","Hungary","HUN",2017,6.065038681,76.75054712,11.9,52.43024832,1.39
"565","Iceland","ISL",2008,6.888284206,91,10.4,49.67784894,2.1
"566","Iceland","ISL",2012,7.590660095,96.20979955,11.5,49.6848178,2.01
"567","Iceland","ISL",2013,7.501394272,96.5468,11.9,49.74360072,1.99
"568","Iceland","ISL",2015,7.498070717,98.2,12.2,49.82845653,1.95
"569","Iceland","ISL",2016,7.510034561,98.2400163,12.4,49.83547487,1.93
"570","India","IND",2006,5.348258972,2.805499865,4.9,48.15613774,2.9
"571","India","IND",2007,5.02679348,3.95,5,48.14769658,2.82
"572","India","IND",2008,5.145833015,4.38,5.2,48.14014276,2.75
"573","India","IND",2009,4.521517754,5.12,5.3,48.13495013,2.67
"574","India","IND",2010,4.989277363,7.5,5.4,48.13306616,2.6
"575","India","IND",2011,4.634871483,10.07,5.4,48.13485877,2.53
"576","India","IND",2012,4.720146656,12.58006091,5.6,48.13986179,2.48
"577","India","IND",2013,4.427788734,15.1,5.8,48.14714803,2.43
"578","India","IND",2014,4.424379349,21,6.1,48.15541856,2.38
"579","India","IND",2015,4.342079163,26,6.3,48.16376541,2.35
"580","India","IND",2016,4.179177284,29.54716289,6.4,48.17197145,2.33
"581","Indonesia","IDN",2006,4.946978092,4.764813134,7.9,49.7470501,2.51
"582","Indonesia","IDN",2007,5.101213932,5.786274729,7.1,49.69529009,2.51
"583","Indonesia","IDN",2008,4.815309525,7.917479385,7.1,49.64577615,2.5
"584","Indonesia","IDN",2009,5.472361088,6.92,7.4,49.60603988,2.49
"585","Indonesia","IDN",2010,5.457299232,10.92,7.4,49.58095591,2.48
"586","Indonesia","IDN",2011,5.172608376,12.28,7.6,49.57236532,2.47
"587","Indonesia","IDN",2012,5.36777401,14.52,7.6,49.57794284,2.46
"588","Indonesia","IDN",2013,5.292237759,14.94,7.8,49.59315745,2.44
"589","Indonesia","IDN",2014,5.597375393,17.14,7.8,49.61165654,2.41
"590","Indonesia","IDN",2015,5.04279995,21.97606771,7.9,49.62895098,2.39
"591","Indonesia","IDN",2016,5.136325359,25.45,8,49.64400613,2.36
"592","Indonesia","IDN",2017,5.098401546,32.2924419,8,49.65805436,2.34
"593","Iran","IRN",2005,5.308190346,8.1,7,48.9312608,1.83
"594","Iran","IRN",2007,5.336371422,9.47,8.9,49.06866623,1.79
"595","Iran","IRN",2008,5.128988266,12.02,8.6,49.19178717,1.78
"596","Iran","IRN",2011,4.767507076,19,9.2,49.49932163,1.76
"597","Iran","IRN",2012,4.608927727,22.73,9.5,49.56029722,1.74
"598","Iran","IRN",2013,5.139579296,29.95,9.8,49.60548464,1.73
"599","Iran","IRN",2014,4.682224274,39.35,9.8,49.64074663,1.71
"600","Iran","IRN",2015,4.749955654,45.33497588,9.8,49.67047961,1.69
"601","Iran","IRN",2016,4.652730942,53.22677263,9.8,49.6942503,1.66
"602","Iran","IRN",2017,4.716783047,60.41635615,9.8,49.71071593,1.64
"603","Iraq","IRQ",2008,4.589844704,1,6.2,49.45711498,4.55
"604","Iraq","IRQ",2009,4.775316715,1.06,6.3,49.45825078,4.56
"605","Iraq","IRQ",2010,5.065462112,2.5,6.4,49.45501861,4.56
"606","Iraq","IRQ",2011,4.725366116,5,6.6,49.44701297,4.56
"607","Iraq","IRQ",2012,4.659508705,7.1,6.6,49.43559234,4.54
"608","Iraq","IRQ",2013,4.725017071,9.2,6.6,49.42231449,4.52
"609","Iraq","IRQ",2014,4.541502476,13.21,6.6,49.40907687,4.48
"610","Iraq","IRQ",2015,4.493377209,17.22,6.6,49.39712562,4.43
"611","Iraq","IRQ",2016,4.412537098,21.23,6.7,49.38655735,4.37
"612","Iraq","IRQ",2017,4.462399006,49.35999889,6.8,49.37694479,4.31
"613","Ireland","IRL",2006,7.144246578,54.82,11.8,50.05040236,1.99
"614","Ireland","IRL",2008,7.568029881,65.34,12,50.09641212,2
"615","Ireland","IRL",2009,7.045911312,67.38,12.1,50.13449887,2
"616","Ireland","IRL",2010,7.257389545,69.85,12.2,50.17722342,2
"617","Ireland","IRL",2011,7.006904125,74.88997297,10.9,50.22537966,2
"618","Ireland","IRL",2012,6.964645386,76.91999254,11.3,50.2789692,2
"619","Ireland","IRL",2013,6.760085106,78.2477,11.8,50.3316233,2
"620","Ireland","IRL",2014,7.018379211,83.49172234,12.3,50.37495089,1.99
"621","Ireland","IRL",2015,6.830125332,83.49479167,12.3,50.4027567,1.99
"622","Ireland","IRL",2016,7.04073143,85.01113212,12.5,50.41184272,1.99
"623","Ireland","IRL",2017,7.060155392,84.51538863,12.5,50.40446047,1.98
"624","Israel","ISR",2006,7.173417091,27.88107446,12.1,50.6590682,2.92
"625","Israel","ISR",2007,6.841114998,48.12806219,12.5,50.6512064,2.93
"626","Israel","ISR",2008,7.261261463,59.39,12.6,50.64208643,2.95
"627","Israel","ISR",2009,7.352979183,63.12,12.6,50.62736176,2.97
"628","Israel","ISR",2010,7.358916283,67.5,12.6,50.60450129,3
"629","Israel","ISR",2011,7.433147907,68.87387799,12.7,50.57282027,3.01
"630","Israel","ISR",2012,7.110854626,70.8,12.8,50.53414008,3.03
"631","Israel","ISR",2013,7.320563316,70.25031195,12.8,50.49103017,3.03
"632","Israel","ISR",2014,7.400570393,75.01775316,12.9,50.44726186,3.02
"633","Israel","ISR",2015,7.07941103,77.35208966,13,50.4056021,3
"634","Israel","ISR",2016,7.159010887,79.65312418,13,50.36675602,2.97
"635","Israel","ISR",2017,7.331036091,81.58118359,13,50.33014776,2.95
"636","Italy","ITA",2005,6.853783607,35,9.2,51.34709057,1.36
"637","Italy","ITA",2007,6.574412346,40.79,9.4,51.36639528,1.4
"638","Italy","ITA",2008,6.779774189,44.53,9.5,51.38985265,1.41
"639","Italy","ITA",2009,6.333800316,48.83,9.6,51.41003756,1.42
"640","Italy","ITA",2010,6.354238033,53.68,9.7,51.41969,1.43
"641","Italy","ITA",2011,6.057086468,54.3899983,9.8,51.41695112,1.43
"642","Italy","ITA",2012,5.839313984,55.82999799,9.9,51.40406749,1.43
"643","Italy","ITA",2013,6.009373665,58.4593,10.3,51.38290115,1.44
"644","Italy","ITA",2014,6.026585102,55.63846022,10.1,51.35677847,1.45
"645","Italy","ITA",2015,5.847683907,58.14173496,10.2,51.32836479,1.46
"646","Italy","ITA",2016,5.95452404,61.32425277,10.2,51.29787353,1.47
"647","Italy","ITA",2017,6.198870182,61.30114276,10.2,51.26484952,1.48
"648","Jamaica","JAM",2006,6.207881927,16.4,8.3,50.50542047,2.33
"649","Jamaica","JAM",2011,5.374446392,37.43861341,9,50.31122216,2.14
"650","Jamaica","JAM",2013,5.708886623,37.1,9.4,50.26418273,2.07
"651","Jamaica","JAM",2014,5.310538769,40.4027351,9.6,50.24974774,2.05
"652","Japan","JPN",2005,6.515817165,66.9210661,11.2,50.99535346,1.31
"653","Japan","JPN",2007,6.238197803,74.3,11.3,51.03494407,1.33
"654","Japan","JPN",2008,5.91067934,75.4,11.4,51.05373487,1.34
"655","Japan","JPN",2009,5.844999313,78,11.4,51.07103665,1.36
"656","Japan","JPN",2010,6.056752682,78.21,11.5,51.08643497,1.37
"657","Japan","JPN",2011,6.262793541,79.05411352,11.8,51.09970592,1.39
"658","Japan","JPN",2012,5.968216419,79.4964,12,51.11110649,1.4
"659","Japan","JPN",2013,5.959361553,88.21942891,12.2,51.12135234,1.42
"660","Japan","JPN",2014,5.922620773,89.10683302,12.5,51.13141703,1.43
"661","Japan","JPN",2015,5.879684448,91.05802839,12.5,51.14204647,1.44
"662","Japan","JPN",2016,5.954650879,93.18272128,12.7,51.15349099,1.46
"663","Japan","JPN",2017,5.910676479,90.87304215,12.8,51.16559274,1.47
"664","Jordan","JOR",2005,6.294660091,12.93285205,9.7,48.40504498,3.75
"665","Jordan","JOR",2007,5.59805727,20,9.8,48.63547725,3.71
"666","Jordan","JOR",2008,4.930058002,23,9.8,48.76618285,3.69
"667","Jordan","JOR",2009,5.999859333,26,9.9,48.89092179,3.68
"668","Jordan","JOR",2010,5.569942474,27.2,9.8,49.00125822,3.66
"669","Jordan","JOR",2011,5.539327621,34.9,9.9,49.09655402,3.64
"670","Jordan","JOR",2012,5.131996155,37,9.9,49.17818038,3.6
"671","Jordan","JOR",2013,5.171952724,41.4,9.9,49.24452594,3.56
"672","Jordan","JOR",2014,5.333021641,46.2,10.1,49.29502944,3.51
"673","Jordan","JOR",2015,5.404593468,60.11438269,10.3,49.33046791,3.45
"674","Jordan","JOR",2016,5.27128458,62.30219257,10.4,49.35174701,3.38
"675","Kazakhstan","KAZ",2006,5.475948334,3.268369051,11.7,51.79131957,2.37
"676","Kazakhstan","KAZ",2007,5.718553543,4.02,11.6,51.7569151,2.47
"677","Kazakhstan","KAZ",2008,5.886419773,11,11.5,51.72293177,2.55
"678","Kazakhstan","KAZ",2009,5.382563114,18.2,11.5,51.6906435,2.62
"679","Kazakhstan","KAZ",2010,5.514286518,31.6,11.4,51.66120108,2.67
"680","Kazakhstan","KAZ",2011,5.735662937,50.6,11.5,51.63571995,2.7
"681","Kazakhstan","KAZ",2012,5.759469509,61.90662747,11.5,51.61478405,2.7
"682","Kazakhstan","KAZ",2013,5.835483074,63.30422443,11.6,51.5982333,2.7
"683","Kazakhstan","KAZ",2014,5.970097542,66,11.7,51.58551912,2.68
"684","Kazakhstan","KAZ",2015,5.949995041,70.8299336,11.7,51.57608267,2.66
"685","Kazakhstan","KAZ",2016,5.533551693,74.58772647,11.7,51.56996376,2.63
"686","Kazakhstan","KAZ",2017,5.882351398,76.42674823,11.8,51.5672169,2.6
"687","Kenya","KEN",2006,4.223234177,3.6,5.9,50.31147672,4.76
"688","Kenya","KEN",2007,4.575657845,4.4,6,50.30530451,4.68
"689","Kenya","KEN",2008,4.015274525,5.2,6,50.29978359,4.58
"690","Kenya","KEN",2009,4.270434856,6.1,6.1,50.29558221,4.48
"691","Kenya","KEN",2010,4.255859375,7.2,6.1,50.29308353,4.37
"692","Kenya","KEN",2011,4.405310154,8.8,6.2,50.29243529,4.27
"693","Kenya","KEN",2012,4.547335148,10.5,6.2,50.29335712,4.17
"694","Kenya","KEN",2013,3.795383215,13,6.3,50.29522151,4.07
"695","Kenya","KEN",2014,4.904579639,16.5,6.3,50.29719551,3.99
"696","Kenya","KEN",2015,4.357617855,16.6,6.3,50.29873339,3.92
"697","Kenya","KEN",2016,4.396127701,16.6,6.4,50.29969111,3.85
"698","Kuwait","KWT",2006,6.075547218,28.79119795,6.2,41.12476265,2.45
"699","Kuwait","KWT",2009,6.585246086,50.8,6.6,41.96711321,2.28
"700","Kuwait","KWT",2010,6.798151016,61.4,6.8,42.17690728,2.22
"701","Kuwait","KWT",2011,6.377699375,65.76907069,7,42.32295253,2.15
"702","Kuwait","KWT",2012,6.221094608,70.45,7.2,42.4217454,2.09
"703","Kuwait","KWT",2013,6.480031013,75.46,6.7,42.48409424,2.05
"704","Kuwait","KWT",2014,6.180138588,78.7,6.9,42.52447883,2.01
"705","Kuwait","KWT",2015,6.146031857,77.52326901,7.1,42.55330826,1.99
"706","Kuwait","KWT",2016,5.947194576,78.36738376,7.2,42.5711417,1.97
"707","Kuwait","KWT",2017,6.093905449,97.99998933,7.3,42.57858952,1.96
"708","Kyrgyzstan","KGZ",2006,4.641398907,12.306907,10.2,50.45314486,2.65
"709","Kyrgyzstan","KGZ",2007,4.697761536,14.03,10.3,50.4922519,2.73
"710","Kyrgyzstan","KGZ",2008,4.736588001,15.7,10.3,50.53659169,2.82
"711","Kyrgyzstan","KGZ",2009,5.06905365,16,10.4,50.5694577,2.91
"712","Kyrgyzstan","KGZ",2010,4.996410847,16.3,10.6,50.58030275,2.98
"713","Kyrgyzstan","KGZ",2011,4.921049118,17.5,10.6,50.56530345,3.04
"714","Kyrgyzstan","KGZ",2012,5.207785606,19.8,10.7,50.53048691,3.08
"715","Kyrgyzstan","KGZ",2013,5.40242672,23,10.7,50.48604721,3.09
"716","Kyrgyzstan","KGZ",2014,5.252192974,28.3,10.8,50.44623267,3.08
"717","Kyrgyzstan","KGZ",2015,4.905375957,30.24704278,10.8,50.42055934,3.05
"718","Kyrgyzstan","KGZ",2016,4.856534004,34.5,10.9,50.41109102,3.01
"719","Laos","LAO",2006,5.076225758,1.169893428,4.3,50.39736039,3.52
"720","Laos","LAO",2007,5.363854885,1.64,4.4,50.37073552,3.42
"721","Laos","LAO",2008,5.044098854,3.55,4.4,50.3300293,3.33
"722","Laos","LAO",2011,4.703749657,9,4.8,50.22561828,3.06
"723","Laos","LAO",2012,4.876084805,10.74767619,5,50.20516217,2.97
"724","Latvia","LVA",2006,4.70950222,53.63,12.2,54.16998656,1.43
"725","Latvia","LVA",2007,4.666971684,59.17,12.3,54.18717106,1.46
"726","Latvia","LVA",2008,5.145375252,63.41,12.2,54.20106083,1.49
"727","Latvia","LVA",2009,4.668910503,66.84,12.3,54.2087371,1.5
"728","Latvia","LVA",2011,4.966811657,69.74995456,12.6,54.19709686,1.51
"729","Latvia","LVA",2012,5.125025272,73.11994377,12.6,54.17715001,1.51
"730","Latvia","LVA",2013,5.069770336,75.2344,12.7,54.15158262,1.51
"731","Latvia","LVA",2014,5.729115486,75.83,12.9,54.1260359,1.52
"732","Latvia","LVA",2015,5.880597591,79.2006,12.8,54.10331982,1.53
"733","Latvia","LVA",2016,5.940446377,79.84209778,12.8,54.08637085,1.54
"734","Latvia","LVA",2017,5.977817535,81.3158617,12.8,54.07340312,1.56
"735","Lebanon","LBN",2005,5.49124527,10.14,7.5,49.18463341,1.75
"736","Lebanon","LBN",2006,4.653103828,15,7.6,49.0477282,1.68
"737","Lebanon","LBN",2008,4.594851017,22.53,7.8,48.90428369,1.6
"738","Lebanon","LBN",2009,5.205998898,30.14,7.9,48.92175985,1.6
"739","Lebanon","LBN",2010,5.031899452,43.68,7.9,49.00581996,1.61
"740","Lebanon","LBN",2011,5.187571526,52,8,49.15362063,1.64
"741","Lebanon","LBN",2012,4.572566986,61.24978572,8.1,49.33945731,1.67
"742","Lebanon","LBN",2013,4.983288765,70.5,8.3,49.52282936,1.7
"743","Lebanon","LBN",2014,5.233025551,73,8.4,49.66988068,1.71
"744","Lebanon","LBN",2015,5.171971321,74,8.5,49.7685546,1.72
"745","Lebanon","LBN",2016,5.27072382,76.11,8.6,49.8212903,1.72
"746","Lesotho","LSO",2011,4.89751482,7,5.8,51.54975649,3.28
"747","Lesotho","LSO",2016,3.808204889,27.36,6.3,51.47613808,3.09
"748","Liberia","LBR",2007,3.701401234,0.551376581,3.9,49.79807391,5.28
"749","Liberia","LBR",2008,4.221354008,0.53,4,49.76849514,5.19
"750","Liberia","LBR",2010,4.196063042,2.3,4.1,49.71330775,5.02
"751","Liberia","LBR",2014,4.571419239,5.41,4.4,49.6122525,4.72
"752","Liberia","LBR",2015,2.701591253,5.903867603,4.4,49.5893431,4.65
"753","Liberia","LBR",2016,3.354676008,7.319106411,4.5,49.5679076,4.58
"754","Libya","LBY",2015,5.615404606,19.01607978,7.3,49.5054731,2.31
"755","Libya","LBY",2016,5.43358326,20.27215956,7.3,49.56049764,2.27
"756","Lithuania","LTU",2006,5.954442978,43.9,12,53.63425166,1.35
"757","Lithuania","LTU",2007,5.80828476,49.9,12.1,53.73126088,1.39
"758","Lithuania","LTU",2008,5.553925991,55.22,12.2,53.82708238,1.43
"759","Lithuania","LTU",2009,5.466920853,59.76,11.5,53.9092236,1.47
"760","Lithuania","LTU",2010,5.065824986,62.12,11.6,53.96802175,1.51
"761","Lithuania","LTU",2011,5.43243742,63.6399774,11.8,53.998285,1.54
"762","Lithuania","LTU",2012,5.771037102,67.22998933,11.7,54.00279858,1.57
"763","Lithuania","LTU",2013,5.595689297,68.4529,11.9,53.98841902,1.6
"764","Lithuania","LTU",2014,6.125723839,72.13,13,53.96759318,1.62
"765","Lithuania","LTU",2015,5.711378098,71.378,13,53.94955174,1.64
"766","Lithuania","LTU",2016,5.865552425,74.37664556,13,53.93702845,1.65
"767","Lithuania","LTU",2017,6.272940636,77.61525651,13,53.92806468,1.66
"768","Luxembourg","LUX",2009,6.957920074,87.31,11.8,50.41639884,1.59
"769","Luxembourg","LUX",2010,7.097251892,90.62,11.8,50.32447971,1.58
"770","Luxembourg","LUX",2011,7.101400375,90.02985856,11.8,50.21742601,1.57
"771","Luxembourg","LUX",2012,6.964097023,91.94992374,11.8,50.10096039,1.56
"772","Luxembourg","LUX",2013,7.130809307,93.7765,11.8,49.98540543,1.55
"773","Luxembourg","LUX",2014,6.89112711,94.67,12,49.8859455,1.56
"774","Luxembourg","LUX",2015,6.701571465,96.38,12,49.81111301,1.56
"775","Luxembourg","LUX",2016,6.967340946,98.13669867,12.1,49.76612667,1.57
"776","Luxembourg","LUX",2017,7.061380863,97.82762613,12.1,49.74325487,1.58
"777","Macedonia","MKD",2007,4.493598461,36.3,8.5,50.03936177,1.48
"778","Macedonia","MKD",2009,4.428021908,51.77,8.9,50.04468133,1.46
"779","Macedonia","MKD",2010,4.180202007,51.9,9.1,50.04232801,1.47
"780","Macedonia","MKD",2011,4.898180008,56.7,9.3,50.03684172,1.47
"781","Macedonia","MKD",2012,4.639647484,57.44994731,9.3,50.02892907,1.49
"782","Macedonia","MKD",2013,5.186190605,65.24,9.4,50.01980021,1.5
"783","Macedonia","MKD",2014,5.203825951,68.06,9.5,50.01179304,1.51
"784","Macedonia","MKD",2015,4.975589752,70.3802,9.6,50.0069975,1.52
"785","Macedonia","MKD",2016,5.34574604,72.15681447,9.6,50.00547761,1.53
"786","Madagascar","MDG",2006,3.979751348,0.607552239,5.7,50.20394574,4.96
"787","Madagascar","MDG",2008,4.640079021,1.65,5.9,50.19751235,4.78
"788","Madagascar","MDG",2011,4.381415367,1.9,6.1,50.17956259,4.52
"789","Madagascar","MDG",2012,3.550609589,2.3,6.1,50.1712544,4.44
"790","Madagascar","MDG",2013,3.815607071,3,6.1,50.16247664,4.37
"791","Madagascar","MDG",2014,3.675626993,3.7,6.1,50.15371899,4.3
"792","Madagascar","MDG",2015,3.592514038,4.17397219,6.1,50.14545219,4.24
"793","Madagascar","MDG",2016,3.663085938,4.713662899,6.1,50.13775509,4.18
"794","Madagascar","MDG",2017,4.078620434,9.8,6.1,50.1305938,4.13
"795","Malawi","MWI",2006,3.829868078,0.42513749,3.6,50.62797187,5.83
"796","Malawi","MWI",2007,4.89103651,0.965864737,3.8,50.61131545,5.73
"797","Malawi","MWI",2009,5.148239613,1.07,4.1,50.57614487,5.47
"798","Malawi","MWI",2011,3.946062565,3.33,4.3,50.5415767,5.15
"799","Malawi","MWI",2012,4.279269695,4.3506,4.3,50.52480498,4.99
"800","Malawi","MWI",2013,4.035084248,5.05,4.4,50.50894152,4.86
"801","Malawi","MWI",2014,4.563080311,5.83,4.4,50.4945445,4.74
"802","Malawi","MWI",2015,3.86763835,9.298148347,4.4,50.48180208,4.65
"803","Malawi","MWI",2016,3.476492643,11.47,4.5,50.47088203,4.57
"804","Malaysia","MYS",2006,6.011716843,51.63798899,8.2,48.69186582,2.25
"805","Malaysia","MYS",2007,6.238904476,55.7,8.8,48.63004175,2.22
"806","Malaysia","MYS",2008,5.806781769,55.8,9.4,48.57122381,2.19
"807","Malaysia","MYS",2009,5.384701729,55.9,9.6,48.51573487,2.17
"808","Malaysia","MYS",2010,5.580281734,56.3,9.8,48.46430922,2.15
"809","Malaysia","MYS",2011,5.786367416,61,10.1,48.41653613,2.13
"810","Malaysia","MYS",2012,5.914283752,65.8,10.1,48.37391132,2.11
"811","Malaysia","MYS",2013,5.770199776,57.05751226,10.1,48.34089935,2.09
"812","Malaysia","MYS",2014,5.962921619,63.66542588,10.1,48.32279945,2.07
"813","Malaysia","MYS",2015,6.322121143,71.06406781,10.2,48.32260858,2.06
"814","Mali","MLI",2006,4.014075756,0.729627281,1.7,50.18272382,6.76
"815","Mali","MLI",2008,4.114664078,1.57,1.9,50.10236794,6.67
"816","Mali","MLI",2009,3.976598501,1.8,1.9,50.06924267,6.61
"817","Mali","MLI",2010,3.762305021,2,2,50.04402298,6.55
"818","Mali","MLI",2011,4.666832924,2.2,2,50.02714756,6.47
"819","Mali","MLI",2012,4.313016891,2.8,2.1,50.01688359,6.4
"820","Mali","MLI",2013,3.676277161,3.5,2.2,50.00981319,6.32
"821","Mali","MLI",2014,3.974714279,7,2.3,50.00183342,6.23
"822","Mali","MLI",2015,4.582098484,10.33,2.3,49.99033371,6.15
"823","Mali","MLI",2016,4.016027927,11.11218649,2.3,49.97481222,6.06
"824","Malta","MLT",2009,6.32763958,58.86,10.2,50.24659215,1.38
"825","Malta","MLT",2010,5.77387476,63,10.3,50.21436433,1.39
"826","Malta","MLT",2011,6.154718399,68.01982379,10.5,50.15632096,1.4
"827","Malta","MLT",2012,5.962872028,68.19987429,10.8,50.07450254,1.41
"828","Malta","MLT",2013,6.379924774,68.9138,11,49.98381567,1.42
"829","Malta","MLT",2014,6.45211792,73.17,11.1,49.90154289,1.43
"830","Malta","MLT",2015,6.61339426,75.96,11.2,49.83805602,1.44
"831","Malta","MLT",2016,6.590842247,77.28939482,11.3,49.7986524,1.46
"832","Malta","MLT",2017,6.675665855,80.07137784,11.3,49.77705772,1.47
"833","Mauritania","MRT",2007,4.149043083,1.433613196,3.5,49.86314644,5.1
"834","Mauritania","MRT",2008,4.248075008,1.87,3.6,49.84009001,5.06
"835","Mauritania","MRT",2009,4.500431538,2.28,3.7,49.81493249,5.02
"836","Mauritania","MRT",2010,4.772306919,4,3.8,49.78753537,4.98
"837","Mauritania","MRT",2011,4.784804344,4.5,3.9,49.75775123,4.94
"838","Mauritania","MRT",2012,4.673203945,5,4,49.72654441,4.9
"839","Mauritania","MRT",2013,4.199015141,6.2,4.1,49.69543879,4.85
"840","Mauritania","MRT",2014,4.482805252,10.7,4.3,49.66641871,4.79
"841","Mauritania","MRT",2015,3.922664165,15.19912669,4.3,49.64077509,4.74
"842","Mauritania","MRT",2016,4.472149372,18,4.4,49.61895103,4.67
"843","Mauritius","MUS",2011,5.477073193,34.95,8.5,50.43280718,1.54
"844","Mauritius","MUS",2014,5.647779942,44.80327537,9.1,50.4515153,1.46
"845","Mauritius","MUS",2016,5.610003471,52.19132594,9.3,50.50018778,1.43
"846","Mexico","MEX",2005,6.580657959,17.21,7.6,50.26777499,2.5
"847","Mexico","MEX",2007,6.525378227,20.81,8,50.24774058,2.42
"848","Mexico","MEX",2008,6.829036236,21.71,8,50.24134447,2.39
"849","Mexico","MEX",2009,6.962819099,26.34,8.2,50.23606118,2.36
"850","Mexico","MEX",2010,6.802388668,31.05,8,50.23112466,2.34
"851","Mexico","MEX",2011,6.909515381,37.17629541,8.4,50.22646482,2.32
"852","Mexico","MEX",2012,7.320185184,39.75,8.6,50.222344,2.3
"853","Mexico","MEX",2013,7.442546368,43.46,8.4,50.21871864,2.27
"854","Mexico","MEX",2014,6.679831028,44.39,8.4,50.21558007,2.24
"855","Mexico","MEX",2015,6.236287117,57.43104299,8.6,50.21292952,2.22
"856","Mexico","MEX",2016,6.824172974,59.540446,8.6,50.21068221,2.18
"857","Mexico","MEX",2017,6.410299301,63.85224909,8.6,50.20880006,2.15
"858","Moldova","MDA",2006,5.102071285,19.62064771,10.6,52.07677028,1.23
"859","Moldova","MDA",2007,4.774918079,20.45,10.9,52.03582756,1.24
"860","Moldova","MDA",2008,5.502756119,23.39,10.9,51.9905921,1.26
"861","Moldova","MDA",2009,5.554374218,27.5,11,51.95031197,1.27
"862","Moldova","MDA",2010,5.589736462,32.3,11.1,51.92224733,1.27
"863","Moldova","MDA",2011,5.792262554,38,11.1,51.90852238,1.27
"864","Moldova","MDA",2012,5.995712757,43.37,11.4,51.9073414,1.27
"865","Moldova","MDA",2013,5.75605917,60,11.6,51.91692557,1.26
"866","Moldova","MDA",2014,5.917058468,67,11.6,51.93449035,1.26
"867","Moldova","MDA",2015,6.017472267,69,11.6,51.95727866,1.25
"868","Moldova","MDA",2016,5.577784061,70.99999911,11.6,51.98530203,1.24
"869","Mongolia","MNG",2007,4.609059334,9,8.9,50.30964567,2.33
"870","Mongolia","MNG",2008,4.493010044,9.8,9,50.33596221,2.43
"871","Mongolia","MNG",2010,4.585523605,10.2,9.5,50.38449487,2.64
"872","Mongolia","MNG",2011,5.031173706,12.49999111,9.8,50.40664303,2.72
"873","Mongolia","MNG",2012,4.885150433,16.4,9.9,50.42713388,2.77
"874","Mongolia","MNG",2013,4.912928104,17.69998424,10,50.44662027,2.81
"875","Mongolia","MNG",2014,4.824834824,19.94244743,10.1,50.46612433,2.81
"876","Mongolia","MNG",2015,4.982719898,22.5,10.1,50.48681907,2.79
"877","Mongolia","MNG",2016,5.056999683,22.2657705,10.1,50.50905134,2.76
"878","Montenegro","MNE",2007,5.196315289,30.8,10.8,50.83311272,1.82
"879","Montenegro","MNE",2009,4.8010602,35.1,11,50.75668785,1.79
"880","Montenegro","MNE",2010,5.455030441,37.5,11.1,50.72555003,1.77
"881","Montenegro","MNE",2011,5.223116875,35.61154125,11.1,50.70499097,1.75
"882","Montenegro","MNE",2012,5.218724251,56.83878255,11.2,50.69373824,1.73
"883","Montenegro","MNE",2013,5.074341774,60.31,11.2,50.68736934,1.71
"884","Montenegro","MNE",2014,5.282720566,61,11.3,50.68316589,1.69
"885","Montenegro","MNE",2015,5.124921322,68.11958104,11.3,50.67807322,1.68
"886","Montenegro","MNE",2016,5.304066181,69.88164684,11.3,50.67084093,1.67
"887","Montenegro","MNE",2017,5.614798546,71.27233254,11.3,50.66307979,1.66
"888","Morocco","MAR",2010,4.383247375,52,4.2,50.71585035,2.58
"889","Morocco","MAR",2011,5.084972858,46.1074826,4.4,50.69301341,2.58
"890","Morocco","MAR",2012,4.969656467,55.41605319,4.6,50.65381104,2.58
"891","Morocco","MAR",2013,5.142160416,56,4.8,50.60586077,2.57
"892","Morocco","MAR",2015,5.163156986,57.08,5,50.52078223,2.53
"893","Morocco","MAR",2016,5.38630724,58.27123642,5.4,50.49243847,2.49
"894","Morocco","MAR",2017,5.312482834,61.76221201,5.5,50.47215707,2.45
"895","Mozambique","MOZ",2006,4.594879627,0.842954488,2.9,51.6411314,5.71
"896","Mozambique","MOZ",2007,4.832634926,0.91,3,51.58738189,5.67
"897","Mozambique","MOZ",2008,4.65358305,1.56,3.1,51.53703447,5.64
"898","Mozambique","MOZ",2011,4.971111774,4.3,3.2,51.39669549,5.52
"899","Mozambique","MOZ",2015,4.549767494,16.93353299,3.5,51.23165991,5.31
"900","Myanmar","MMR",2012,4.438939571,4,4.5,51.18671595,2.32
"901","Myanmar","MMR",2013,4.175670624,8,4.7,51.17710268,2.29
"902","Myanmar","MMR",2014,4.786247253,11.52,4.8,51.16800895,2.26
"903","Myanmar","MMR",2015,4.223846436,21.72583401,4.9,51.16153297,2.23
"904","Myanmar","MMR",2016,4.623119831,25.07330424,4.9,51.15825094,2.21
"905","Namibia","NAM",2007,4.885587215,4.835610778,6.1,51.50823544,3.62
"906","Namibia","NAM",2014,4.573991299,14.84,6.7,51.43984098,3.52
"907","Nepal","NPL",2006,4.566594601,1.141389164,2.9,50.50990873,3.15
"908","Nepal","NPL",2007,4.74828434,1.41,3,50.68553296,3.01
"909","Nepal","NPL",2008,4.440526485,1.73,3.1,50.88388249,2.87
"910","Nepal","NPL",2009,4.91686821,1.97,3.2,51.0706233,2.74
"911","Nepal","NPL",2010,4.349675179,7.93,3.3,51.22120722,2.61
"912","Nepal","NPL",2011,3.809444666,9,3.3,51.33008026,2.49
"913","Nepal","NPL",2012,4.233244896,11.1493,4,51.40462562,2.38
"914","Nepal","NPL",2013,4.604576588,13.3,4.2,51.44944616,2.29
"915","Nepal","NPL",2014,4.975014687,15.44,4.5,51.47308068,2.22
"916","Nepal","NPL",2015,4.812436581,17.58161801,4.7,51.48228729,2.16
"917","Nepal","NPL",2016,5.099539757,19.68876384,4.9,51.47702918,2.12
"918","Netherlands","NLD",2005,7.463979244,81,11.6,50.41242054,1.71
"919","Netherlands","NLD",2007,7.451879501,85.82,12,50.38336939,1.72
"920","Netherlands","NLD",2008,7.631011963,87.42,12,50.36844086,1.77
"921","Netherlands","NLD",2010,7.501875877,90.72,12,50.34202332,1.8
"922","Netherlands","NLD",2011,7.563797951,91.41999576,12,50.33176778,1.76
"923","Netherlands","NLD",2012,7.470715523,92.85999236,12,50.32320394,1.76
"924","Netherlands","NLD",2013,7.406550407,93.9564,12.1,50.31464337,1.77
"925","Netherlands","NLD",2014,7.32118845,91.666666,12.1,50.30358475,1.76
"926","Netherlands","NLD",2015,7.324437141,91.72413793,12.1,50.28844953,1.75
"927","Netherlands","NLD",2016,7.540877342,90.4109589,12.1,50.26853845,1.74
"928","Netherlands","NLD",2017,7.458965302,93.19727891,12.2,50.24478244,1.75
"929","New Zealand","NZL",2006,7.305014133,69,11.7,51.00231204,2.09
"930","New Zealand","NZL",2007,7.604173183,69.76,11.8,50.98053575,2.11
"931","New Zealand","NZL",2008,7.38117075,72.03,11.8,50.95249782,2.12
"932","New Zealand","NZL",2010,7.223756313,80.46,12,50.89854602,2.12
"933","New Zealand","NZL",2011,7.190638065,81.23,12,50.87761943,2.1
"934","New Zealand","NZL",2012,7.249629974,81.64447018,12.1,50.86037811,2.07
"935","New Zealand","NZL",2013,7.280151844,82.78,12.1,50.84685695,2.05
"936","New Zealand","NZL",2014,7.305892467,85.5,12.2,50.83691707,2.03
"937","New Zealand","NZL",2015,7.418120861,88.22288882,12.4,50.83004174,2.01
"938","New Zealand","NZL",2016,7.225687981,88.47018635,12.5,50.82650444,1.99
"939","Nicaragua","NIC",2006,4.460158348,2.805573063,5.6,50.66135018,2.62
"940","Nicaragua","NIC",2007,4.944090843,3.9,5.7,50.6851183,2.57
"941","Nicaragua","NIC",2008,5.103827477,5.3,5.8,50.70624645,2.52
"942","Nicaragua","NIC",2009,5.352804661,7.3,5.9,50.72244583,2.48
"943","Nicaragua","NIC",2010,5.68669939,10,6,50.73212892,2.43
"944","Nicaragua","NIC",2011,5.385705471,10.6,6.1,50.73468186,2.38
"945","Nicaragua","NIC",2012,5.448006153,13.5,6.3,50.73094637,2.34
"946","Nicaragua","NIC",2013,5.772274971,15.5,6.4,50.72335799,2.3
"947","Nicaragua","NIC",2014,6.275266647,17.6,6.5,50.71484025,2.26
"948","Nicaragua","NIC",2015,5.924112797,19.7042915,6.5,50.70773233,2.23
"949","Nicaragua","NIC",2016,6.012739658,24.57183396,6.7,50.702439,2.2
"950","Niger","NER",2006,3.736951828,0.294033977,1.3,50.14640819,7.59
"951","Niger","NER",2007,4.277402401,0.39039062,1.4,50.11258946,7.57
"952","Niger","NER",2008,4.235657215,0.7,1.4,50.07914096,7.54
"953","Niger","NER",2009,4.267169952,0.76,1.4,50.04775225,7.52
"954","Niger","NER",2010,4.101016045,0.83,1.4,50.0193844,7.49
"955","Niger","NER",2011,4.555829525,0.9,1.5,49.9940491,7.46
"956","Niger","NER",2012,3.798088312,1.05,1.6,49.97079231,7.42
"957","Niger","NER",2013,3.716329813,1.15,1.7,49.94864425,7.38
"958","Niger","NER",2014,4.180943489,1.248675689,1.7,49.92645532,7.34
"959","Niger","NER",2015,3.671453714,2.476219975,1.8,49.90339983,7.29
"960","Niger","NER",2016,4.234645844,4.32275803,1.9,49.87950939,7.24
"961","Niger","NER",2017,4.615673542,10.22431156,2,49.85517298,7.18
"962","Nigeria","NGA",2006,4.709745884,5.545036083,5.2,49.48687717,5.96
"963","Nigeria","NGA",2007,4.890419483,6.77,5.2,49.47068827,5.93
"964","Nigeria","NGA",2008,4.938560486,8,5.2,49.45465996,5.9
"965","Nigeria","NGA",2009,4.980220318,9.3,5.2,49.43874141,5.87
"966","Nigeria","NGA",2010,4.760275841,11.5,5.2,49.42295085,5.84
"967","Nigeria","NGA",2012,5.492954254,16.1,5.7,49.3920018,5.76
"968","Nigeria","NGA",2013,4.81786871,19.1,5.9,49.37718336,5.71
"969","Nigeria","NGA",2015,4.932914734,24.5,6,49.34990223,5.59
"970","Nigeria","NGA",2016,5.219567776,25.67,6.2,49.33763114,5.53
"971","Norway","NOR",2006,7.415682316,82.55,12.5,50.33164522,1.9
"972","Norway","NOR",2008,7.632287502,90.57,12.7,50.1781864,1.96
"973","Norway","NOR",2012,7.678277016,94.64997805,12.6,49.85528731,1.85
"974","Norway","NOR",2014,7.444470882,96.3,12.5,49.71671925,1.87
"975","Norway","NOR",2015,7.603433609,96.8103,12.5,49.65470967,1.84
"976","Norway","NOR",2016,7.596331596,97.29820367,12.6,49.59777844,1.82
"977","Norway","NOR",2017,7.578744888,96.50851854,12.6,49.54635697,1.82
"978","Oman","OMN",2011,6.852982044,48,8.3,38.64086799,2.9
"979","Pakistan","PAK",2005,5.224657536,6.332329098,4.5,48.45556328,4.07
"980","Pakistan","PAK",2007,5.671460629,6.8,4.4,48.50844821,3.98
"981","Pakistan","PAK",2008,4.413918972,7,4.4,48.53909748,3.94
"982","Pakistan","PAK",2009,5.208146572,7.5,4.5,48.56691775,3.9
"983","Pakistan","PAK",2010,5.786132813,8,4.7,48.58895257,3.86
"984","Pakistan","PAK",2011,5.267186165,9,4.8,48.60457547,3.8
"985","Pakistan","PAK",2012,5.131565094,9.96,4.8,48.61500288,3.74
"986","Pakistan","PAK",2013,5.138082504,10.9,4.9,48.62145603,3.68
"987","Pakistan","PAK",2014,5.435657978,12,5.1,48.62573869,3.62
"988","Pakistan","PAK",2015,4.823194981,14,5.1,48.62917464,3.55
"989","Pakistan","PAK",2016,5.548508167,15.51455779,5.2,48.63196073,3.48
"990","Panama","PAN",2006,6.127988338,17.34956617,9.1,49.69307735,2.64
"991","Panama","PAN",2007,6.894139767,22.29,9.2,49.71007405,2.64
"992","Panama","PAN",2008,6.930903435,33.82,9.2,49.72794989,2.63
"993","Panama","PAN",2009,7.033740044,39.08,9.3,49.74626962,2.63
"994","Panama","PAN",2010,7.3214674,40.1,9.3,49.7651528,2.62
"995","Panama","PAN",2011,7.24808073,42.7,9.3,49.78425078,2.61
"996","Panama","PAN",2012,6.859835625,40.30189522,9.5,49.80364114,2.6
"997","Panama","PAN",2013,6.86648035,44.03,9.7,49.82272834,2.59
"998","Panama","PAN",2014,6.631171227,44.92,9.9,49.84127773,2.57
"999","Panama","PAN",2015,6.605550289,51.20542499,9.9,49.85900348,2.54
"1000","Panama","PAN",2016,6.117638111,54,10,49.87575989,2.51
"1001","Paraguay","PRY",2006,4.730082035,7.962073884,7.1,49.34497972,2.97
"1002","Paraguay","PRY",2007,5.272461414,11.21,7.1,49.32474109,2.91
"1003","Paraguay","PRY",2008,5.570061684,14.27,7.4,49.30319757,2.85
"1004","Paraguay","PRY",2009,5.576147079,18.9,7,49.28373561,2.79
"1005","Paraguay","PRY",2010,5.841174126,19.8,7.7,49.26803644,2.73
"1006","Paraguay","PRY",2011,5.677080631,24.76351588,7.8,49.25688561,2.68
"1007","Paraguay","PRY",2012,5.820058346,29.34,7.8,49.24979084,2.63
"1008","Paraguay","PRY",2013,5.936240673,36.9,8.3,49.24685353,2.58
"1009","Paraguay","PRY",2014,5.118641853,43,8.2,49.24812845,2.54
"1010","Paraguay","PRY",2015,5.559724331,49.72,8.5,49.25346292,2.51
"1011","Paraguay","PRY",2016,5.801380157,53.4,8.4,49.26299975,2.48
"1012","Paraguay","PRY",2017,5.71329546,61.07575622,8.4,49.27653982,2.45
"1013","Peru","PER",2006,4.810845375,20.7,8.1,50.03339004,2.65
"1014","Peru","PER",2007,5.213962078,25.2,8.1,50.03438694,2.62
"1015","Peru","PER",2008,5.129230976,30.57,8.4,50.03534672,2.59
"1016","Peru","PER",2009,5.518846989,31.4,8.4,50.03644294,2.57
"1017","Peru","PER",2010,5.612785339,34.77,8.4,50.03778728,2.55
"1018","Peru","PER",2011,5.892457485,36.01,9.1,50.03939854,2.53
"1019","Peru","PER",2012,5.824557304,38.2,8.6,50.04127131,2.5
"1020","Peru","PER",2013,5.782557487,39.2,8.8,50.04340648,2.48
"1021","Peru","PER",2014,5.865815639,40.2,9.4,50.04583779,2.46
"1022","Peru","PER",2015,5.577263355,40.9,9.1,50.04852968,2.43
"1023","Peru","PER",2016,5.700628757,45.46174069,9.2,50.05152982,2.4
"1024","Peru","PER",2017,5.710936546,48.72763146,9.2,50.05483206,2.37
"1025","Philippines","PHL",2006,4.669945717,5.740586325,8.8,49.70799601,3.43
"1026","Philippines","PHL",2007,5.073562145,5.97,8.9,49.65679918,3.35
"1027","Philippines","PHL",2008,4.589065075,6.22,9,49.59885729,3.28
"1028","Philippines","PHL",2009,4.879910946,9,9,49.55076822,3.21
"1029","Philippines","PHL",2010,4.941514015,25,8.9,49.52359052,3.16
"1030","Philippines","PHL",2011,4.993956566,29,9,49.52041363,3.11
"1031","Philippines","PHL",2012,5.001965046,36.2351,9.1,49.53652928,3.07
"1032","Philippines","PHL",2013,4.976925373,48.09902359,9.1,49.5653777,3.03
"1033","Philippines","PHL",2014,5.312550068,49.6,9.2,49.59759792,2.99
"1034","Philippines","PHL",2015,5.547489166,53.7,9.3,49.62670608,2.96
"1035","Philippines","PHL",2016,5.430832863,55.5,9.3,49.65155805,2.93
"1036","Poland","POL",2005,5.587209225,38.81,11.6,51.58298663,1.3
"1037","Poland","POL",2007,5.886137486,48.6,11.8,51.61693877,1.34
"1038","Poland","POL",2009,5.772027493,58.97,12.1,51.63998048,1.37
"1039","Poland","POL",2010,5.887029648,62.32,12.2,51.65044955,1.37
"1040","Poland","POL",2011,5.646204948,61.94999897,12.3,51.66082269,1.36
"1041","Poland","POL",2012,5.87593174,62.30999727,11.7,51.67075802,1.34
"1042","Poland","POL",2013,5.746131897,62.8492,12.1,51.68008029,1.33
"1043","Poland","POL",2014,5.750282288,66.6,11.3,51.68845469,1.32
"1044","Poland","POL",2015,6.007021904,67.997,12.1,51.69567164,1.31
"1045","Poland","POL",2016,6.162076473,73.3007,12.2,51.70174386,1.3
"1046","Poland","POL",2017,6.201268196,75.98536595,12.3,51.70690302,1.29
"1047","Portugal","PRT",2006,5.405246258,38.01,7.6,51.68992275,1.4
"1048","Portugal","PRT",2008,5.716966629,44.13,7.8,51.88563793,1.36
"1049","Portugal","PRT",2010,5.094525814,53.3,8.1,52.12294968,1.33
"1050","Portugal","PRT",2011,5.219997883,55.24999688,8.3,52.24011416,1.31
"1051","Portugal","PRT",2012,4.993962288,60.33999749,8.5,52.35630816,1.29
"1052","Portugal","PRT",2013,5.157688141,62.0956,8.6,52.46441948,1.28
"1053","Portugal","PRT",2014,5.12691164,64.59,8.9,52.55540529,1.26
"1054","Portugal","PRT",2015,5.080866337,68.6329,9.1,52.62287729,1.25
"1055","Portugal","PRT",2016,5.446637154,70.42356709,9.2,52.66214716,1.25
"1056","Portugal","PRT",2017,5.711499214,73.79121395,9.2,52.6745188,1.24
"1057","Qatar","QAT",2009,6.417824268,53.1,9.2,24.85573079,2.13
"1058","Qatar","QAT",2010,6.849652767,69,8.4,24.17284241,2.07
"1059","Qatar","QAT",2011,6.591604233,69,8.7,23.92662331,2.03
"1060","Qatar","QAT",2012,6.611298561,69.3,9.2,23.96192213,2
"1061","Qatar","QAT",2015,6.374529362,92.88482645,9.8,24.59650056,1.93
"1062","Romania","ROU",2005,5.048648357,21.5,10.1,51.2581876,1.38
"1063","Romania","ROU",2007,5.393723965,28.3,10.5,51.33746648,1.43
"1064","Romania","ROU",2009,5.367565155,36.6,10.6,51.41567171,1.46
"1065","Romania","ROU",2010,4.909165859,39.93,10.7,51.44819452,1.47
"1066","Romania","ROU",2011,5.02275753,40.00999678,10.8,51.47464665,1.48
"1067","Romania","ROU",2012,5.166874886,45.87999425,10.9,51.49547455,1.49
"1068","Romania","ROU",2013,5.081584454,49.7645,10.9,51.51150592,1.49
"1069","Romania","ROU",2014,5.726893425,54.08,10.9,51.52429368,1.5
"1070","Romania","ROU",2015,5.777491093,55.7632,10.9,51.53498935,1.51
"1071","Romania","ROU",2016,5.96887064,59.50395129,11,51.54396884,1.52
"1072","Romania","ROU",2017,6.089904785,63.74728218,11,51.55093067,1.53
"1073","Russia","RUS",2006,4.963742733,18.02327746,11.4,53.51102218,1.3
"1074","Russia","RUS",2007,5.222867489,24.66,11.4,53.55363746,1.41
"1075","Russia","RUS",2008,5.61875391,26.83,11.4,53.58859518,1.49
"1076","Russia","RUS",2009,5.158227921,29,11.5,53.61271201,1.54
"1077","Russia","RUS",2010,5.384773254,43,11.5,53.62415131,1.57
"1078","Russia","RUS",2011,5.388766289,49,11.6,53.62133843,1.59
"1079","Russia","RUS",2012,5.620735645,63.8,11.7,53.60583594,1.62
"1080","Russia","RUS",2013,5.537177563,67.97,11.8,53.58289726,1.66
"1081","Russia","RUS",2014,6.036976814,70.52,11.9,53.55981242,1.7
"1082","Russia","RUS",2015,5.995538712,70.1,12,53.5419379,1.74
"1083","Russia","RUS",2016,5.85494566,73.09143462,12,53.53113833,1.75
"1084","Russia","RUS",2017,5.578742981,76.00813853,12,53.52634937,1.76
"1085","Rwanda","RWA",2008,4.362988949,4.5,3.2,51.07152543,4.77
"1086","Rwanda","RWA",2009,4.029761791,7.7,3.3,51.0543533,4.64
"1087","Rwanda","RWA",2011,4.097435951,7,3.8,51.02354331,4.39
"1088","Rwanda","RWA",2012,3.333047867,8.023854277,3.7,51.00947265,4.27
"1089","Rwanda","RWA",2013,3.466387749,9,3.8,50.99658785,4.16
"1090","Rwanda","RWA",2014,3.595678329,10.6,4,50.98549211,4.06
"1091","Rwanda","RWA",2015,3.483108997,18,4,50.97633218,3.97
"1092","Rwanda","RWA",2016,3.332989931,20,4.1,50.96926699,3.89
"1093","Saudi Arabia","SAU",2005,7.079644203,12.70503599,7.6,44.34385737,3.42
"1094","Saudi Arabia","SAU",2007,7.266694069,30,8.1,44.07576875,3.24
"1095","Saudi Arabia","SAU",2008,6.811370373,36,8.3,43.99923194,3.15
"1096","Saudi Arabia","SAU",2009,6.14759016,38,8.6,43.92849552,3.06
"1097","Saudi Arabia","SAU",2010,6.307098389,41,8.9,43.84592534,2.96
"1098","Saudi Arabia","SAU",2011,6.699789524,47.5,9.1,43.75573894,2.87
"1099","Saudi Arabia","SAU",2012,6.396359444,54,9.4,43.66498573,2.78
"1100","Saudi Arabia","SAU",2013,6.495132923,60.5,9.5,43.56480641,2.7
"1101","Saudi Arabia","SAU",2014,6.27837801,64.71365737,9.5,43.44473539,2.64
"1102","Saudi Arabia","SAU",2015,6.345491886,69.6162358,9.5,43.30063285,2.58
"1103","Saudi Arabia","SAU",2016,6.473921299,74.88,9.5,43.12581522,2.53
"1104","Saudi Arabia","SAU",2017,6.294282436,80.07575862,9.5,42.92976325,2.49
"1105","Senegal","SEN",2006,4.417352676,5.611738652,2.4,50.98492579,5.13
"1106","Senegal","SEN",2007,4.679986954,6.89,2.4,51.00994159,5.11
"1107","Senegal","SEN",2008,4.683499813,7.12,2.4,51.03019037,5.1
"1108","Senegal","SEN",2009,4.335114002,7.5,2.4,51.04107192,5.08
"1109","Senegal","SEN",2010,4.372156143,8,2.4,51.0399204,5.06
"1110","Senegal","SEN",2011,3.834201574,9.8,2.4,51.02665939,5.04
"1111","Senegal","SEN",2012,3.668736935,10.8,2.6,51.00388448,5
"1112","Senegal","SEN",2013,3.647367001,13.1,2.8,50.97538103,4.96
"1113","Senegal","SEN",2014,4.394777298,17.7,2.8,50.94580587,4.9
"1114","Senegal","SEN",2015,4.61700058,21.69026413,2.9,50.91819178,4.84
"1115","Senegal","SEN",2016,4.59453392,25.66476804,2.9,50.89331332,4.77
"1116","Serbia","SRB",2007,4.750383854,33.15,10.2,51.11880782,1.6
"1117","Serbia","SRB",2009,4.380311966,38.1,10.4,51.09821034,1.58
"1118","Serbia","SRB",2010,4.461304188,40.9,10.4,51.09266388,1.58
"1119","Serbia","SRB",2011,4.815186501,42.2,10.6,51.09385492,1.58
"1120","Serbia","SRB",2012,5.154521942,48.1,10.5,51.10041008,1.58
"1121","Serbia","SRB",2013,5.101840496,53.45036418,10.4,51.11045443,1.59
"1122","Serbia","SRB",2014,5.112728596,62.07508046,10.7,51.12049777,1.6
"1123","Serbia","SRB",2015,5.317685127,65.3170254,11,51.12808645,1.6
"1124","Serbia","SRB",2016,5.752754688,67.05684137,11.1,51.13295445,1.61
"1125","Serbia","SRB",2017,5.122031212,70.33083553,11.1,51.13593872,1.62
"1126","Sierra Leone","SLE",2006,3.628185034,0.227669467,2.8,50.66934601,5.75
"1127","Sierra Leone","SLE",2007,3.585127354,0.239834699,2.8,50.65993708,5.62
"1128","Sierra Leone","SLE",2008,2.997251034,0.25,2.9,50.64664387,5.49
"1129","Sierra Leone","SLE",2010,4.133955956,0.58,3.1,50.61252858,5.2
"1130","Sierra Leone","SLE",2011,4.501643658,0.9,3.1,50.59295012,5.06
"1131","Sierra Leone","SLE",2013,4.514291286,4,3.3,50.55052102,4.79
"1132","Sierra Leone","SLE",2014,4.499970436,6.057298984,3.3,50.52980802,4.67
"1133","Sierra Leone","SLE",2015,4.908617973,6.344421603,3.4,50.51049961,4.56
"1134","Sierra Leone","SLE",2016,4.732953072,11.77318438,3.4,50.49303816,4.46
"1135","Singapore","SGP",2006,6.462702751,59,10.1,50.43832393,1.28
"1136","Singapore","SGP",2007,6.833754539,69.9,10.2,50.50940997,1.29
"1137","Singapore","SGP",2008,6.641956806,69,10.5,50.57470435,1.28
"1138","Singapore","SGP",2009,6.144676685,69,10.5,50.62561424,1.26
"1139","Singapore","SGP",2010,6.531401634,71,11.2,50.65707157,1.26
"1140","Singapore","SGP",2011,6.561041832,71,11.2,50.66778104,1.26
"1141","Singapore","SGP",2013,6.53320694,80.90205685,11.4,50.64483328,1.25
"1142","Singapore","SGP",2014,7.062364578,79.02923586,11.4,50.62550256,1.25
"1143","Singapore","SGP",2015,6.619524956,79.012957,11.5,50.60944842,1.24
"1144","Singapore","SGP",2016,6.033480644,84.45,11.5,50.59812861,1.25
"1145","Singapore","SGP",2017,6.378437996,84.44953878,11.5,50.59025198,1.25
"1146","Slovenia","SVN",2006,5.811264515,54.01,11.8,51.09257629,1.36
"1147","Slovenia","SVN",2009,5.830160618,64,12.1,50.64937298,1.48
"1148","Slovenia","SVN",2010,6.082555294,70,12.1,50.53746301,1.52
"1149","Slovenia","SVN",2011,6.035964012,67.33999481,12.2,50.46568311,1.54
"1150","Slovenia","SVN",2012,6.062891006,68.34997453,11.7,50.42729733,1.57
"1151","Slovenia","SVN",2013,5.974888802,72.6756,11.7,50.41154355,1.58
"1152","Slovenia","SVN",2014,5.678395271,71.59,11.9,50.4025149,1.6
"1153","Slovenia","SVN",2015,5.740642071,73.0987,12,50.3886905,1.61
"1154","Slovenia","SVN",2016,5.936821461,75.49850426,12.3,50.368071,1.63
"1155","Slovenia","SVN",2017,6.166837692,78.88542636,12.2,50.34442672,1.64
"1156","South Africa","ZAF",2006,5.083986759,7.607139675,9,50.91654289,2.66
"1157","South Africa","ZAF",2007,5.204454422,8.065375174,9.1,50.91173815,2.64
"1158","South Africa","ZAF",2008,5.346306801,8.43,9.7,50.90681541,2.62
"1159","South Africa","ZAF",2009,5.218430996,10,10.1,50.90206817,2.6
"1160","South Africa","ZAF",2010,4.652428627,24,10,50.89781617,2.59
"1161","South Africa","ZAF",2011,4.930511475,33.97,9.9,50.89399173,2.57
"1162","South Africa","ZAF",2012,5.133887768,41,9.8,50.89089229,2.55
"1163","South Africa","ZAF",2013,3.660727262,46.5,9.9,50.88966278,2.53
"1164","South Africa","ZAF",2014,4.828456402,49,10,50.8916369,2.51
"1165","South Africa","ZAF",2015,4.887325764,51.91911572,10.1,50.89760354,2.49
"1166","South Africa","ZAF",2016,4.769739628,54,10.1,50.90790179,2.46
"1167","South Korea","KOR",2006,5.332177639,78.1,11.4,49.84351533,1.16
"1168","South Korea","KOR",2007,5.76727581,78.8,11.5,49.85514579,1.16
"1169","South Korea","KOR",2008,5.389624596,81,11.6,49.86856289,1.17
"1170","South Korea","KOR",2009,5.647689819,81.6,11,49.88218322,1.18
"1171","South Korea","KOR",2010,6.116024494,83.7,11.8,49.89490916,1.19
"1172","South Korea","KOR",2011,6.946599007,83.75912015,11.8,49.9064211,1.21
"1173","South Korea","KOR",2012,6.003286839,84.07,11.9,49.91699871,1.22
"1174","South Korea","KOR",2013,5.958809853,84.77,12,49.92674596,1.24
"1175","South Korea","KOR",2014,5.801325321,87.55682649,12.1,49.9359896,1.26
"1176","South Korea","KOR",2015,5.780211449,89.9,12.1,49.94499311,1.28
"1177","South Korea","KOR",2016,5.970564365,92.84302568,12.1,49.95375544,1.3
"1178","South Korea","KOR",2017,5.873887062,95.09714917,12.1,49.96222801,1.31
"1179","South Sudan","SSD",2014,3.831992388,4.51615373,4.8,49.94043868,5.02
"1180","South Sudan","SSD",2015,4.070771217,5.5,4.8,49.9242097,4.94
"1181","South Sudan","SSD",2016,2.888112307,6.679728051,4.8,49.90922864,4.86
"1182","Spain","ESP",2005,7.152785778,47.88,8.9,50.67796127,1.35
"1183","Spain","ESP",2007,6.994614601,55.11,9.1,50.58660035,1.38
"1184","Spain","ESP",2008,7.294472694,59.6,9.2,50.55297848,1.38
"1185","Spain","ESP",2009,6.198601246,62.4,9.3,50.54158735,1.38
"1186","Spain","ESP",2010,6.188262463,65.8,9.4,50.55894675,1.37
"1187","Spain","ESP",2011,6.518249035,67.08999939,9.5,50.60963476,1.35
"1188","Spain","ESP",2012,6.290690422,69.80999994,9.5,50.68880248,1.35
"1189","Spain","ESP",2013,6.150027275,71.635,9.5,50.78170482,1.34
"1190","Spain","ESP",2014,6.456477642,76.19,9.7,50.86682109,1.34
"1191","Spain","ESP",2015,6.380663395,78.6896,9.7,50.92811032,1.35
"1192","Spain","ESP",2016,6.318612099,80.56133294,9.8,50.95929826,1.36
"1193","Spain","ESP",2017,6.230173111,84.6022457,9.8,50.96518516,1.38
"1194","Sri Lanka","LKA",2006,4.344610691,2.537566129,10.5,50.83096744,2.28
"1195","Sri Lanka","LKA",2007,4.414805412,3.88,10.6,50.96150623,2.27
"1196","Sri Lanka","LKA",2008,4.430846214,5.8,11,51.09119261,2.26
"1197","Sri Lanka","LKA",2009,4.212026596,8.78,10.9,51.21749659,2.23
"1198","Sri Lanka","LKA",2010,3.976905107,12,10.8,51.3381928,2.2
"1199","Sri Lanka","LKA",2011,4.180569172,15,10.8,51.45294438,2.17
"1200","Sri Lanka","LKA",2012,4.224593163,18.2854,10.9,51.56127797,2.14
"1201","Sri Lanka","LKA",2013,4.364694118,21.9,10.9,51.66097642,2.11
"1202","Sri Lanka","LKA",2014,4.267932892,25.8,10.9,51.74959457,2.08
"1203","Sri Lanka","LKA",2015,4.611606598,29.98873755,10.9,51.82570855,2.06
"1204","Sudan","SDN",2010,4.435159683,16.7,3.1,50.11552825,4.88
"1205","Sudan","SDN",2011,4.314456463,17.46,3.2,50.12435838,4.83
"1206","Sudan","SDN",2012,4.550499439,21,3.3,50.11435199,4.77
"1207","Sudan","SDN",2014,4.138672829,24.64,3.5,50.06859548,4.66
"1208","Suriname","SUR",2012,6.269286633,34.6812,7.9,49.74175169,2.47
"1209","Swaziland","SWZ",2011,4.867091179,18.13,5.9,51.50523646,3.44
"1210","Sweden","SWE",2005,7.376315594,84.83,12.4,50.41182693,1.79
"1211","Sweden","SWE",2007,7.241362572,82.01,12.5,50.32599823,1.89
"1212","Sweden","SWE",2008,7.51599741,90,12.2,50.27926622,1.92
"1213","Sweden","SWE",2009,7.265977383,91,12.2,50.23357013,1.94
"1214","Sweden","SWE",2010,7.496018887,90,12.3,50.19071566,1.99
"1215","Sweden","SWE",2011,7.382232189,92.76998606,12.4,50.15151766,1.9
"1216","Sweden","SWE",2012,7.560147762,93.17998801,12.4,50.11562313,1.91
"1217","Sweden","SWE",2013,7.434010506,94.7836,12.2,50.08218724,1.92
"1218","Sweden","SWE",2014,7.239147663,92.52,12.3,50.0500187,1.92
"1219","Sweden","SWE",2015,7.28892231,90.6102,12.4,50.01819008,1.91
"1220","Sweden","SWE",2016,7.368744373,89.65094761,12.4,49.98666842,1.91
"1221","Sweden","SWE",2017,7.286804676,96.40964528,12.4,49.95590118,1.91
"1222","Switzerland","CHE",2006,7.473252773,75.7,12.3,51.00645574,1.44
"1223","Switzerland","CHE",2009,7.524520874,81.3,13.3,50.82652452,1.49
"1224","Switzerland","CHE",2012,7.776208878,85.2,13.4,50.65175105,1.52
"1225","Switzerland","CHE",2014,7.492803574,87.4,13.4,50.55433827,1.54
"1226","Switzerland","CHE",2015,7.572136879,87.4790556,13.4,50.51441301,1.54
"1227","Switzerland","CHE",2016,7.458519936,89.13468774,13.4,50.48119771,1.55
"1228","Switzerland","CHE",2017,7.473593235,93.71386591,13.4,50.45430065,1.55
"1229","Tajikistan","TJK",2006,4.613099098,3.772406207,10.5,49.6359578,3.49
"1230","Tajikistan","TJK",2007,4.431608677,7.197619518,10.5,49.61287717,3.49
"1231","Tajikistan","TJK",2008,5.063986778,8.78,11,49.59867836,3.49
"1232","Tajikistan","TJK",2009,4.575174809,10.07,10.9,49.59443647,3.5
"1233","Tajikistan","TJK",2010,4.380636215,11.55,10.9,49.60038599,3.51
"1234","Tajikistan","TJK",2011,4.262671471,13.03,10.8,49.61668108,3.5
"1235","Tajikistan","TJK",2012,4.496571541,14.51,10.7,49.64191035,3.49
"1236","Tajikistan","TJK",2013,4.966521263,16,10.7,49.67210048,3.47
"1237","Tajikistan","TJK",2014,4.896157742,17.49,10.6,49.70265741,3.44
"1238","Tajikistan","TJK",2015,5.124210835,18.98,10.5,49.73067662,3.4
"1239","Tajikistan","TJK",2016,5.103721142,20.47,10.5,49.75500149,3.36
"1240","Tanzania","TZA",2006,3.922484159,1.3,4.8,50.68123016,5.62
"1241","Tanzania","TZA",2007,4.317949772,1.6,4.9,50.68075324,5.58
"1242","Tanzania","TZA",2008,4.384741783,1.9,5,50.67293513,5.54
"1243","Tanzania","TZA",2009,3.407507896,2.4,5,50.66182494,5.49
"1244","Tanzania","TZA",2010,3.229129076,2.9,5.1,50.65014237,5.43
"1245","Tanzania","TZA",2011,4.073562145,3.2,5.1,50.63832618,5.36
"1246","Tanzania","TZA",2012,4.006897449,3.95,5.5,50.62561992,5.29
"1247","Tanzania","TZA",2013,3.852394819,4.4,5.5,50.61199421,5.22
"1248","Tanzania","TZA",2014,3.483278513,7,5.6,50.59717386,5.15
"1249","Tanzania","TZA",2015,3.660597324,10,5.8,50.58110391,5.08
"1250","Tanzania","TZA",2016,2.90273428,13,5.8,50.56397538,5.02
"1251","Thailand","THA",2006,5.88543272,17.16071472,7,50.85470276,1.56
"1252","Thailand","THA",2007,5.783891201,20.03,7.1,50.88957182,1.56
"1253","Thailand","THA",2008,5.636471272,18.2,7.3,50.92364554,1.55
"1254","Thailand","THA",2009,5.475645065,20.1,7.5,50.95769152,1.55
"1255","Thailand","THA",2010,6.216702938,22.4,7.7,50.99226137,1.55
"1256","Thailand","THA",2011,6.663609028,23.66992562,7.5,51.02760649,1.54
"1257","Thailand","THA",2012,6.300235271,26.46,7.7,51.06355801,1.53
"1258","Thailand","THA",2013,6.231024742,28.94,7.5,51.09966653,1.52
"1259","Thailand","THA",2014,6.985463619,34.89,7.6,51.1353211,1.51
"1260","Thailand","THA",2015,6.201762676,39.31612674,7.6,51.17008398,1.5
"1261","Thailand","THA",2016,6.07363987,47.50496562,7.6,51.20385004,1.48
"1262","Thailand","THA",2017,5.938895226,52.89192934,7.6,51.2368017,1.47
"1263","Togo","TGO",2006,3.202429295,2,4.3,50.29699605,5.12
"1264","Togo","TGO",2008,2.807855129,2.4,4.3,50.25575319,5
"1265","Togo","TGO",2011,2.936220884,3.5,4.4,50.20836084,4.8
"1266","Togo","TGO",2014,2.83895874,5.7,4.7,50.18014485,4.59
"1267","Togo","TGO",2015,3.768301964,7.12,4.7,50.17103049,4.52
"1268","Togo","TGO",2016,3.878578424,11.31,4.8,50.16121358,4.45
"1269","Togo","TGO",2017,4.360805035,12.36022497,4.8,50.15121133,4.38
"1270","Trinidad and Tobago","TTO",2006,5.832188606,30.00374858,9.9,50.44776326,1.78
"1271","Trinidad and Tobago","TTO",2008,6.696444035,34.8,10.7,50.47701516,1.8
"1272","Trinidad and Tobago","TTO",2011,6.518745899,55.2,10.8,50.53251743,1.8
"1273","Trinidad and Tobago","TTO",2013,6.167706966,63.8,10.8,50.59002411,1.79
"1274","Tunisia","TUN",2009,5.025470257,34.07,6.4,50.3731478,2.1
"1275","Tunisia","TUN",2010,5.130520821,36.8,6.7,50.41228647,2.14
"1276","Tunisia","TUN",2011,4.87648201,39.1,6.9,50.45428269,2.18
"1277","Tunisia","TUN",2012,4.463531017,41.4416,6.8,50.49698393,2.21
"1278","Tunisia","TUN",2013,5.245604992,43.8,6.8,50.53678949,2.23
"1279","Tunisia","TUN",2014,4.763594627,46.16,6.9,50.5687007,2.23
"1280","Tunisia","TUN",2015,5.131611824,46.5,7,50.58960882,2.22
"1281","Tunisia","TUN",2016,4.521453381,49.6,7.1,50.59859694,2.2
"1282","Tunisia","TUN",2017,4.124342918,55.5,7.2,50.59784293,2.18
"1283","Turkey","TUR",2005,4.718733788,15.46,6,50.78366612,2.27
"1284","Turkey","TUR",2007,5.623471737,28.63,6.2,50.80328066,2.21
"1285","Turkey","TUR",2008,5.118231773,34.37,6.3,50.81359983,2.19
"1286","Turkey","TUR",2009,5.212841511,36.4,6.5,50.82240776,2.17
"1287","Turkey","TUR",2010,5.490347385,39.82,6.7,50.82854294,2.16
"1288","Turkey","TUR",2011,5.271944046,43.06571043,7.2,50.8327,2.14
"1289","Turkey","TUR",2012,5.309076309,45.13,7.5,50.83500888,2.12
"1290","Turkey","TUR",2013,4.888177395,46.25,7.7,50.83326392,2.11
"1291","Turkey","TUR",2014,5.579794407,51.04,7.6,50.8247498,2.09
"1292","Turkey","TUR",2015,5.514465332,53.74497914,7.8,50.80827338,2.07
"1293","Turkey","TUR",2016,5.326221943,58.34773401,8,50.78249656,2.05
"1294","Turkey","TUR",2017,5.607262135,64.68461768,8,50.74973723,2.03
"1295","Turkmenistan","TKM",2011,5.791754723,5,9.9,50.8003291,2.89
"1296","Turkmenistan","TKM",2012,5.463827133,7.1958,9.8,50.79072317,2.94
"1297","Turkmenistan","TKM",2013,5.391762733,9.6,9.8,50.78060753,2.96
"1298","Turkmenistan","TKM",2014,5.787379265,12.2,9.8,50.77146322,2.96
"1299","Turkmenistan","TKM",2015,5.791460037,14.99677482,9.8,50.7649302,2.93
"1300","Turkmenistan","TKM",2016,5.887051582,17.99032446,9.8,50.76108928,2.89
"1301","Uganda","UGA",2006,3.733583927,2.529363038,4.6,50.45896269,6.51
"1302","Uganda","UGA",2007,4.45583868,3.671965351,4.8,50.4284927,6.42
"1303","Uganda","UGA",2008,4.568619251,7.9,5.2,50.39773842,6.34
"1304","Uganda","UGA",2009,4.611985683,9.78,5.2,50.36936219,6.25
"1305","Uganda","UGA",2010,4.192882061,12.5,5.7,50.34506715,6.15
"1306","Uganda","UGA",2011,4.826001167,13.01354333,5.4,50.32522695,6.06
"1307","Uganda","UGA",2012,4.309237957,14.1,5.3,50.30912533,5.96
"1308","Uganda","UGA",2013,3.709578753,15.5,5.4,50.29604915,5.87
"1309","Uganda","UGA",2014,3.769919157,16.9,5.5,50.28488278,5.78
"1310","Uganda","UGA",2015,4.237686634,17.83485947,5.7,50.27487325,5.68
"1311","Uganda","UGA",2016,4.233261108,21.87617046,5.7,50.26593372,5.59
"1312","Ukraine","UKR",2006,4.803954124,4.506124564,11.2,53.66560277,1.3
"1313","Ukraine","UKR",2007,5.25218153,6.55,11.2,53.71966785,1.34
"1314","Ukraine","UKR",2008,5.172380447,11,11.3,53.77229998,1.38
"1315","Ukraine","UKR",2009,5.1656394,17.9,11.3,53.81520735,1.42
"1316","Ukraine","UKR",2010,5.057561398,23.3,11.3,53.84265176,1.45
"1317","Ukraine","UKR",2011,5.083132744,28.70826284,11.3,53.85182751,1.47
"1318","Ukraine","UKR",2012,5.030342102,35.27,11.3,53.84482807,1.49
"1319","Ukraine","UKR",2013,4.710802555,40.954129,11.3,53.82692623,1.5
"1320","Ukraine","UKR",2014,4.297329903,46.23597546,11.3,53.80615313,1.51
"1321","Ukraine","UKR",2015,3.964542866,48.88464368,11.3,53.78857055,1.53
"1322","Ukraine","UKR",2016,4.028690338,53,11.3,53.77599883,1.54
"1323","United Arab Emirates","ARE",2006,6.734221935,52,9.3,28.52153785,2.07
"1324","United Arab Emirates","ARE",2009,6.866062641,64,9.7,25.78520007,1.9
"1325","United Arab Emirates","ARE",2010,7.097455502,68,9.9,25.50204445,1.87
"1326","United Arab Emirates","ARE",2011,7.118701458,78,10,25.49881112,1.84
"1327","United Arab Emirates","ARE",2012,7.217766762,84.9999915,10.2,25.70496966,1.82
"1328","United Arab Emirates","ARE",2013,6.620951176,88,10.3,26.05706765,1.8
"1329","United Arab Emirates","ARE",2014,6.539854527,90.4,10.5,26.46799169,1.78
"1330","United Arab Emirates","ARE",2015,6.568397522,90.5,10.6,26.86804439,1.77
"1331","United Arab Emirates","ARE",2016,6.83095026,90.60000732,10.8,27.23897769,1.75
"1332","United Arab Emirates","ARE",2017,7.039419651,94.81992254,10.8,27.59638942,1.73
"1333","United Kingdom","GBR",2005,6.983556747,70,12.2,51.04310232,1.76
"1334","United Kingdom","GBR",2007,6.801930904,75.09,12.6,50.96804817,1.84
"1335","United Kingdom","GBR",2008,6.986463547,78.39,12.8,50.93644871,1.86
"1336","United Kingdom","GBR",2009,6.90654707,83.56,13.1,50.90589418,1.88
"1337","United Kingdom","GBR",2010,7.029364109,85,13.2,50.87459026,1.89
"1338","United Kingdom","GBR",2011,6.869248867,85.37999855,13,50.84214646,1.89
"1339","United Kingdom","GBR",2012,6.880784035,87.47999842,12.9,50.80918725,1.89
"1340","United Kingdom","GBR",2013,6.918055058,89.8441,12.6,50.77627068,1.88
"1341","United Kingdom","GBR",2014,6.758147717,91.61,12.7,50.74434423,1.88
"1342","United Kingdom","GBR",2015,6.515445232,92.0003,12.8,50.71410364,1.88
"1343","United Kingdom","GBR",2016,6.8242836,94.77580063,12.9,50.68568046,1.87
"1344","United States","USA",2006,7.18179369,68.93119327,12.8,50.64349093,2.11
"1345","United States","USA",2007,7.512687683,75,12.9,50.63450103,2.12
"1346","United States","USA",2008,7.280385971,74,13.2,50.62653246,2.07
"1347","United States","USA",2009,7.158032417,71,13.2,50.61773751,2
"1348","United States","USA",2010,7.16361618,71.69,13.2,50.60686529,1.93
"1349","United States","USA",2011,7.115138531,69.72946076,13.3,50.59342786,1.9
"1350","United States","USA",2012,7.026226997,74.7,13.3,50.57792092,1.9
"1351","United States","USA",2013,7.249285221,71.4,13.2,50.56130575,1.96
"1352","United States","USA",2014,7.151114464,73,13.3,50.5450043,1.95
"1353","United States","USA",2015,6.863946915,74.55420245,13.3,50.53003233,1.93
"1354","United States","USA",2016,6.803599834,76.17673698,13.4,50.51661883,1.92
"1355","Uruguay","URY",2006,5.785868168,29.4,8,51.75099811,2.14
"1356","Uruguay","URY",2007,5.693945885,34,8.2,51.76442689,2.13
"1357","Uruguay","URY",2008,5.663869858,39.3,8.4,51.77315822,2.11
"1358","Uruguay","URY",2009,6.296222687,41.8,8.4,51.77770747,2.09
"1359","Uruguay","URY",2010,6.062010765,46.4,8.4,51.77845536,2.08
"1360","Uruguay","URY",2011,6.554047108,51.40466106,8.4,51.77589124,2.06
"1361","Uruguay","URY",2012,6.449728489,54.45376868,8.5,51.76935319,2.05
"1362","Uruguay","URY",2013,6.444464684,57.69,8.5,51.75916496,2.03
"1363","Uruguay","URY",2014,6.561443806,61.46,8.6,51.74612106,2.02
"1364","Uruguay","URY",2015,6.628080368,64.6,8.7,51.730338,2.01
"1365","Uruguay","URY",2016,6.171485424,66.4,8.7,51.71227626,2
"1366","Uzbekistan","UZB",2006,5.232322216,6.388321967,9.9,50.31020715,2.46
"1367","Uzbekistan","UZB",2008,5.311368465,9.080114523,10.3,50.2919307,2.46
"1368","Uzbekistan","UZB",2009,5.26072073,11.9,10.5,50.27812881,2.46
"1369","Uzbekistan","UZB",2010,5.095342159,15.9,10.7,50.26262058,2.44
"1370","Uzbekistan","UZB",2011,5.738744259,18.6,10.9,50.24559806,2.42
"1371","Uzbekistan","UZB",2012,6.019331932,23.6,11.1,50.22730247,2.4
"1372","Uzbekistan","UZB",2013,5.939986229,26.8,11.3,50.20874266,2.37
"1373","Uzbekistan","UZB",2014,6.049212456,35.5,11.3,50.19120071,2.34
"1374","Uzbekistan","UZB",2015,5.972364426,42.8,11.4,50.1755245,2.31
"1375","Uzbekistan","UZB",2016,5.892539024,46.79128694,11.4,50.16206583,2.29
"1376","Venezuela","VEN",2005,7.169620991,12.55299791,7.4,49.94441679,2.63
"1377","Venezuela","VEN",2006,6.525146008,15.22471148,7.6,49.97293786,2.6
"1378","Venezuela","VEN",2008,6.257771492,25.88,8.2,50.02761204,2.53
"1379","Venezuela","VEN",2009,7.188803196,32.7,8.3,50.05442972,2.5
"1380","Venezuela","VEN",2010,7.47845459,37.37,8.9,50.0812869,2.47
"1381","Venezuela","VEN",2011,6.579789162,40.22,9.8,50.10822283,2.44
"1382","Venezuela","VEN",2012,7.066577435,49.05008307,9.7,50.13508984,2.42
"1383","Venezuela","VEN",2013,6.552796364,54.9,9.9,50.16167539,2.39
"1384","Venezuela","VEN",2014,6.136096478,57,10,50.18767262,2.37
"1385","Venezuela","VEN",2015,5.568800449,61.86924809,10.1,50.21294725,2.34
"1386","Venezuela","VEN",2016,4.041114807,60,10.1,50.23737666,2.32
"1387","Vietnam","VNM",2006,5.293659687,17.25456172,6.6,50.73372387,1.9
"1388","Vietnam","VNM",2007,5.421687603,20.75544477,6.8,50.70960871,1.91
"1389","Vietnam","VNM",2008,5.480425358,23.92,7,50.68094275,1.92
"1390","Vietnam","VNM",2009,5.304264545,26.55,8,50.65182875,1.94
"1391","Vietnam","VNM",2010,5.295780659,30.65,7.5,50.62526657,1.95
"1392","Vietnam","VNM",2011,5.767344475,35.07,7.6,50.60213349,1.95
"1393","Vietnam","VNM",2012,5.53456974,36.8,7.8,50.58190278,1.96
"1394","Vietnam","VNM",2013,5.022698879,38.5,7.9,50.56443371,1.96
"1395","Vietnam","VNM",2014,5.084923267,41,7.8,50.54915172,1.96
"1396","Vietnam","VNM",2015,5.076315403,43.5,8,50.53565576,1.96
"1397","Vietnam","VNM",2016,5.062267303,46.5,8.1,50.52412805,1.95
"1398","Yemen","YEM",2007,4.477132797,5.01,2.2,49.475287,5.09
"1399","Yemen","YEM",2009,4.809258938,9.96,2.5,49.47228135,4.8
"1400","Yemen","YEM",2010,4.35031271,12.35,2.6,49.47052312,4.67
"1401","Yemen","YEM",2011,3.746255636,14.905,2.8,49.46889984,4.55
"1402","Yemen","YEM",2012,4.060600758,17.4465,3,49.4675145,4.44
"1403","Yemen","YEM",2013,4.217678547,20,3,49.4670013,4.33
"1404","Yemen","YEM",2014,3.967957973,22.55,3,49.46798272,4.22
"1405","Yemen","YEM",2015,2.982673883,24.08540947,3,49.4708559,4.1
"1406","Yemen","YEM",2016,3.825630903,24.57920836,3,49.47575622,4
"1407","Zambia","ZMB",2006,4.824454784,4.159913394,6.4,50.48005247,5.72
"1408","Zambia","ZMB",2007,3.998293161,4.87,6.4,50.46987763,5.64
"1409","Zambia","ZMB",2008,4.730263233,5.55,6.5,50.46007963,5.56
"1410","Zambia","ZMB",2009,5.260360718,6.31,6.5,50.44968877,5.48
"1411","Zambia","ZMB",2011,4.99911356,11.5,6.7,50.42610613,5.32
"1412","Zambia","ZMB",2012,5.013374805,13.4682,6.7,50.41342694,5.24
"1413","Zambia","ZMB",2013,5.243995667,15.4,6.8,50.4014728,5.17
"1414","Zambia","ZMB",2014,4.345837116,19,6.9,50.3916883,5.1
"1415","Zambia","ZMB",2015,4.843164444,21,6.9,50.38476567,5.04
"1416","Zambia","ZMB",2016,4.347543716,25.50657885,7,50.3808393,4.98
"1417","Zimbabwe","ZWE",2006,3.826268435,2.4,6.8,51.24114388,3.99
"1418","Zimbabwe","ZWE",2007,3.280246735,3,7,51.26682871,4
"1419","Zimbabwe","ZWE",2008,3.174263716,3.5,7,51.28245315,4.01
"1420","Zimbabwe","ZWE",2009,4.055914402,4,7.2,51.29414753,4.02
"1421","Zimbabwe","ZWE",2010,4.681569576,6.4,7.3,51.30589765,4.03
"1422","Zimbabwe","ZWE",2011,4.845641613,8.4,7.3,51.3189557,4.02
"1423","Zimbabwe","ZWE",2012,4.955100536,12,7.9,51.33137047,4
"1424","Zimbabwe","ZWE",2013,4.690187931,15.5,8,51.34039602,3.96
"1425","Zimbabwe","ZWE",2014,4.184450626,16.36473996,8.2,51.34229767,3.9
"1426","Zimbabwe","ZWE",2015,3.70319128,22.7428181,8.2,51.33499718,3.84
"1427","Zimbabwe","ZWE",2016,3.7354002,23.11998904,8.2,51.31826498,3.76
