,Entity,Code,Year,Happiness,Internet,Education,female_ratio,Fertility
1,Afghanistan,AFG,2008,3.723589897,1.84,3,48.50568643,6.25
2,Afghanistan,AFG,2009,4.401778221,3.55,3.1,48.58539906,6.04
3,Afghanistan,AFG,2010,4.75838089,4,3.2,48.62476914,5.82
4,Afghanistan,AFG,2011,3.83171916,5,3.3,48.61892362,5.6
5,Afghanistan,AFG,2012,3.782937527,5.454545455,3.4,48.58024527,5.38
6,Afghanistan,AFG,2013,3.572100401,5.9,3.5,48.52649531,5.17
7,Afghanistan,AFG,2014,3.130895615,7,3.5,48.48001044,4.98
8,Afghanistan,AFG,2015,3.982854605,8.26,3.6,48.45455784,4.8
9,Afghanistan,AFG,2016,4.220168591,10.59572642,3.6,48.45219852,4.64
10,Albania,ALB,2007,4.634251595,15.03611541,9.2,49.92375773,1.67
11,Albania,ALB,2009,5.485469818,41.2,9.3,49.8717696,1.65
12,Albania,ALB,2010,5.268936634,45,9.3,49.82531983,1.65
13,Albania,ALB,2011,5.867421627,49,9.3,49.76650962,1.67
14,Albania,ALB,2012,5.510124207,54.65595904,9.6,49.69269141,1.69
15,Albania,ALB,2013,4.550647736,57.2,9.7,49.61650883,1.7
16,Albania,ALB,2014,4.813763142,60.1,9.7,49.55347483,1.71
17,Albania,ALB,2015,4.606650829,63.2529327,9.7,49.51459864,1.71
18,Albania,ALB,2016,4.511100769,66.3634447,10,49.50484324,1.71
30,Argentina,ARG,2008,5.961034298,28.11262348,8.9,51.08719767,2.4
31,Argentina,ARG,2009,6.424133301,34,9.3,51.08779885,2.38
32,Argentina,ARG,2010,6.441067219,45,9.8,51.08711586,2.37
33,Argentina,ARG,2011,6.775805473,51,9.8,51.08508719,2.36
34,Argentina,ARG,2012,6.468387127,55.8,9.8,51.08192964,2.35
35,Argentina,ARG,2013,6.582260132,59.9,9.8,51.07785701,2.34
36,Argentina,ARG,2014,6.671114445,64.7,9.8,51.07310795,2.32
37,Argentina,ARG,2015,6.69713068,68.04306411,9.8,51.06792234,2.31
38,Argentina,ARG,2016,6.427221298,70.96898082,9.9,51.06233592,2.29
41,Armenia,ARM,2008,4.651972294,6.21,11,53.12775942,1.4
42,Armenia,ARM,2009,4.177581787,15.3,11.1,53.18262984,1.6
43,Armenia,ARM,2010,4.367811203,25,11.1,53.20799859,1.55
44,Armenia,ARM,2011,4.260491371,32,11.2,53.19785254,1.5
45,Armenia,ARM,2012,4.319711685,37.5,11.3,53.15940744,1.73
46,Armenia,ARM,2013,4.277191162,41.9,11.4,53.10428773,1.71
47,Armenia,ARM,2014,4.453083038,54.62280586,11.5,53.04946153,1.69
48,Armenia,ARM,2015,4.34831953,59.10237771,11.6,53.00715986,1.66
49,Armenia,ARM,2016,4.325471878,64.34602977,11.7,52.97996422,1.63
52,Australia,AUS,2008,7.253757477,71.67,12.3,50.01165047,1.94
53,Australia,AUS,2010,7.450047016,76,12.4,49.99375454,1.93
54,Australia,AUS,2011,7.405616283,79.48769771,12.5,50.01356996,1.92
55,Australia,AUS,2012,7.195585728,79,12.6,50.04896185,1.9
56,Australia,AUS,2013,7.364169121,83.45349717,12.6,50.09187398,1.89
57,Australia,AUS,2014,7.288550377,84,12.7,50.13146085,1.87
58,Australia,AUS,2015,7.309060574,84.56051935,12.8,50.16030978,1.86
59,Australia,AUS,2016,7.250080109,88.23865805,12.9,50.17645808,1.85
60,Australia,AUS,2017,7.25703764,86.54472054,12.9,50.18277087,1.84
62,Austria,AUT,2008,7.180953979,72.87,11.5,51.32832098,1.41
63,Austria,AUT,2010,7.302678585,75.17,11.8,51.26434239,1.44
64,Austria,AUT,2011,7.470512867,78.7399931,11.8,51.22465989,1.44
65,Austria,AUT,2012,7.400688648,80.02999392,11.8,51.18027387,1.46
66,Austria,AUT,2013,7.498802662,80.6188,11.9,51.13364321,1.47
67,Austria,AUT,2014,6.949999809,80.99582496,12.1,51.08782715,1.48
68,Austria,AUT,2015,7.07644701,83.94014193,12.1,51.04485564,1.49
69,Austria,AUT,2016,7.048071861,84.32333129,12.1,51.00537939,1.49
70,Austria,AUT,2017,7.293727875,87.93558659,12.1,50.96886151,1.5
74,Azerbaijan,AZE,2009,4.573725224,27.4,10.7,50.50546748,1.91
75,Azerbaijan,AZE,2010,4.218610764,46,10.7,50.45549581,1.96
76,Azerbaijan,AZE,2011,4.680469513,50,10.7,50.40535669,2.01
77,Azerbaijan,AZE,2012,4.910771847,54.2,10.7,50.35660326,2.05
78,Azerbaijan,AZE,2013,5.481178284,73.00000137,10.8,50.31094934,2.08
79,Azerbaijan,AZE,2014,5.25153017,75.00001564,10.7,50.27046098,2.09
80,Azerbaijan,AZE,2015,5.146774769,77,10.7,50.23646493,2.09
81,Azerbaijan,AZE,2016,5.303894997,78.2,10.7,50.20930806,2.08
82,Azerbaijan,AZE,2017,5.152279377,79,10.7,50.18813361,2.06
83,Bahrain,BHR,2009,5.700523376,53,8.4,37.75765084,2.18
84,Bahrain,BHR,2010,5.936869144,55,8.4,37.6199364,2.14
85,Bahrain,BHR,2011,4.82397604,76.9999665,8.6,37.70432938,2.12
86,Bahrain,BHR,2012,5.027186871,88,8.8,37.95821303,2.09
87,Bahrain,BHR,2013,6.689711094,90.0000397,9,38.24893551,2.08
88,Bahrain,BHR,2014,6.165133953,90.50313348,9.1,38.39358271,2.07
89,Bahrain,BHR,2015,6.00737524,93.47830114,9.3,38.27648343,2.05
90,Bahrain,BHR,2016,6.169673443,97.9999807,9.4,37.87034978,2.03
91,Bahrain,BHR,2017,6.227320671,95.87813575,9.4,37.27092502,2.01
94,Bangladesh,BGD,2008,5.052278519,2.5,4.8,49.29320134,2.38
95,Bangladesh,BGD,2009,5.08285141,3.1,4.8,49.36986986,2.32
96,Bangladesh,BGD,2010,4.858481407,3.7,4.9,49.43048139,2.28
97,Bangladesh,BGD,2011,4.985649109,4.5,5.1,49.47213641,2.24
98,Bangladesh,BGD,2012,4.724443913,5,5.1,49.49813054,2.21
99,Bangladesh,BGD,2013,4.660161018,6.63,5.1,49.51342342,2.18
100,Bangladesh,BGD,2014,4.635564804,13.9,5.2,49.52542005,2.16
101,Bangladesh,BGD,2015,4.633473873,14.4,5.2,49.53937661,2.13
102,Bangladesh,BGD,2016,4.5561409,18.246938,5.2,49.55623343,2.1
106,Belarus,BLR,2009,5.56413126,27.43,11.9,53.49603436,1.5
107,Belarus,BLR,2010,5.525923252,31.8,12,53.51599851,1.54
108,Belarus,BLR,2011,5.225307941,39.64889566,12,53.52263406,1.58
109,Belarus,BLR,2012,5.749043465,46.91,12,53.51675987,1.62
110,Belarus,BLR,2013,5.876466274,54.17,12,53.50304703,1.65
111,Belarus,BLR,2014,5.812400818,59.02,12.1,53.48780571,1.67
112,Belarus,BLR,2015,5.718907833,67.3,12.2,53.47598978,1.69
113,Belarus,BLR,2016,5.177899361,71.11304576,12.3,53.46911599,1.7
114,Belarus,BLR,2017,5.552915096,74.43644541,12.3,53.46624719,1.71
117,Belgium,BEL,2008,7.116590977,66,11,50.90173413,1.81
118,Belgium,BEL,2010,6.853514194,75,11.1,50.89047317,1.81
119,Belgium,BEL,2011,7.111363888,81.609996,11.2,50.89232539,1.8
120,Belgium,BEL,2012,6.935122013,80.71999055,11.2,50.89812806,1.8
121,Belgium,BEL,2013,7.10366106,82.1702,11.4,50.89909373,1.79
122,Belgium,BEL,2014,6.855329037,85,11.5,50.88363122,1.79
123,Belgium,BEL,2015,6.904219151,85.0529,11.7,50.84454361,1.79
124,Belgium,BEL,2016,6.948936462,86.5165,11.8,50.77806898,1.79
125,Belgium,BEL,2017,6.928347588,87.67968082,11.8,50.68928284,1.79
126,Belize,BLZ,2007,6.450644493,24.6,10.4,49.8429965,2.89
127,Belize,BLZ,2014,5.955646515,38.7,10.5,50.11899448,2.58
141,Bolivia,BOL,2008,5.297872543,12.5,7.6,49.87561796,3.35
142,Bolivia,BOL,2009,6.085579395,16.8,7.9,49.8801434,3.27
143,Bolivia,BOL,2010,5.780620098,22.4,7.8,49.88556442,3.2
144,Bolivia,BOL,2011,5.778874397,30,8,49.89186718,3.13
145,Bolivia,BOL,2012,6.018894672,35.34,8.3,49.89887201,3.07
146,Bolivia,BOL,2013,5.767428875,36.99,8.4,49.90641104,3.02
147,Bolivia,BOL,2014,5.864798546,34.6,8.5,49.91424104,2.97
148,Bolivia,BOL,2015,5.834329128,35.56227065,8.7,49.92206311,2.92
149,Bolivia,BOL,2016,5.769723415,39.6975146,8.9,49.92980727,2.88
151,Bosnia and Herzegovina,BIH,2009,4.963477135,37.74,7.7,50.88162137,1.3
152,Bosnia and Herzegovina,BIH,2010,4.66851759,42.75,7.1,50.88748764,1.31
153,Bosnia and Herzegovina,BIH,2011,4.994670868,43.88768653,7.2,50.89496338,1.31
154,Bosnia and Herzegovina,BIH,2012,4.773144722,45.06450043,8.3,50.90352752,1.31
155,Bosnia and Herzegovina,BIH,2013,5.123664379,48.52131417,8.7,50.91170647,1.32
156,Bosnia and Herzegovina,BIH,2014,5.248954296,49.91773243,9.2,50.91719167,1.33
157,Bosnia and Herzegovina,BIH,2015,5.117177963,52.6,9,50.91857787,1.35
158,Bosnia and Herzegovina,BIH,2016,5.180865288,60.26,9.7,50.91503275,1.36
159,Bosnia and Herzegovina,BIH,2017,5.089902401,69.49115242,9.7,50.90671126,1.38
171,Brazil,BRA,2008,6.691424847,33.83,6.7,50.7111358,1.85
172,Brazil,BRA,2009,7.000831604,39.22,6.8,50.72825994,1.82
173,Brazil,BRA,2010,6.837331295,40.65,6.9,50.74504435,1.81
174,Brazil,BRA,2011,7.037816525,45.69,7.1,50.76140584,1.79
175,Brazil,BRA,2012,6.660003662,48.56,7.3,50.77739123,1.78
176,Brazil,BRA,2013,7.140282631,51.04,7.4,50.79308626,1.77
177,Brazil,BRA,2014,6.980998993,54.55100188,7.4,50.80862601,1.75
178,Brazil,BRA,2015,6.546896935,58.32795173,7.6,50.82410643,1.74
179,Brazil,BRA,2016,6.374817371,60.87254007,7.8,50.83953527,1.73
180,Bulgaria,BGR,2007,3.843797922,33.64,10.5,51.32873844,1.42
181,Bulgaria,BGR,2010,3.912276268,46.23,10.6,51.31200324,1.49
182,Bulgaria,BGR,2011,3.875382423,47.97999305,10.7,51.31776328,1.5
183,Bulgaria,BGR,2012,4.222297192,51.89998767,10.8,51.32966841,1.51
184,Bulgaria,BGR,2013,3.993020535,53.0615,10.9,51.34530814,1.52
185,Bulgaria,BGR,2014,4.438439846,55.49,10.9,51.36100185,1.53
186,Bulgaria,BGR,2015,4.865401268,56.6563,11.8,51.37370231,1.55
187,Bulgaria,BGR,2016,4.837560654,59.82554766,11.8,51.382692,1.56
188,Bulgaria,BGR,2017,5.096901894,63.41010138,11.8,51.38879851,1.58
190,Burkina Faso,BFA,2007,4.017130375,0.75,1.3,50.56363199,6.12
191,Burkina Faso,BFA,2008,3.846438885,0.92,1.3,50.5136379,6.04
192,Burkina Faso,BFA,2010,4.035560608,2.4,1.4,50.41644102,5.87
193,Burkina Faso,BFA,2011,4.785367489,3,1.4,50.37002773,5.78
194,Burkina Faso,BFA,2012,3.95500803,3.725034916,1.4,50.32522978,5.69
195,Burkina Faso,BFA,2013,3.325949669,9.1,1.4,50.28222491,5.61
196,Burkina Faso,BFA,2014,3.481347799,9.4,1.4,50.24104154,5.52
197,Burkina Faso,BFA,2015,4.418930054,11.38764617,1.4,50.20173803,5.44
198,Burkina Faso,BFA,2016,4.205634594,13.96,1.5,50.16440139,5.35
206,Cambodia,KHM,2009,4.110625744,0.53,3.7,51.3194373,2.95
207,Cambodia,KHM,2010,4.141072273,1.26,4.4,51.28603952,2.88
208,Cambodia,KHM,2011,4.161225319,3.1,4.4,51.26349164,2.81
209,Cambodia,KHM,2012,3.898706913,4.94,4.5,51.24931041,2.74
210,Cambodia,KHM,2013,3.674466848,6.8,4.6,51.24087988,2.68
211,Cambodia,KHM,2014,3.88330555,14,4.7,51.23405199,2.63
212,Cambodia,KHM,2015,4.162164688,22.32743536,4.7,51.22594784,2.59
213,Cambodia,KHM,2016,4.461259365,32.39845171,4.7,51.21646356,2.56
214,Cambodia,KHM,2017,4.585842133,33.99999913,4.8,51.20651046,2.53
218,Cameroon,CMR,2009,4.741408348,3.84,5.2,50.0090544,5.17
219,Cameroon,CMR,2010,4.554256916,4.3,5.3,49.99885331,5.11
220,Cameroon,CMR,2011,4.433885098,5,5.5,49.99135009,5.05
221,Cameroon,CMR,2012,4.244634151,7.5,5.7,49.98599541,4.98
222,Cameroon,CMR,2013,4.271038055,10,5.9,49.98159608,4.92
223,Cameroon,CMR,2014,4.240441322,16.21487223,6,49.97662535,4.85
224,Cameroon,CMR,2015,5.037964821,20.68014766,6.1,49.97017455,4.78
225,Cameroon,CMR,2016,4.816232204,25,6.3,49.96200381,4.71
226,Cameroon,CMR,2017,5.07405138,23.20297197,6.3,49.95267263,4.64
229,Canada,CAN,2008,7.485603809,76.7,12.4,50.39699078,1.63
230,Canada,CAN,2009,7.48782444,80.3,12.5,50.39002109,1.64
231,Canada,CAN,2010,7.650346279,80.3,12.6,50.38643883,1.64
232,Canada,CAN,2011,7.426053524,83,12.7,50.38684962,1.63
233,Canada,CAN,2012,7.415144444,83,12.8,50.39040038,1.62
234,Canada,CAN,2013,7.593793869,85.8,12.9,50.394944,1.61
235,Canada,CAN,2014,7.30425787,87.12,13,50.39765087,1.6
236,Canada,CAN,2015,7.412772655,88.47,13.1,50.39658182,1.59
237,Canada,CAN,2016,7.244845867,91.16,13.1,50.39115382,1.58
244,Chad,TCD,2008,4.632468224,1.19,1.8,50.02016372,6.8
245,Chad,TCD,2009,3.639445066,1.5,1.8,50.00245593,6.7
246,Chad,TCD,2010,3.742871046,1.7,1.9,49.98809645,6.59
247,Chad,TCD,2011,4.393482208,1.9,2,49.97734496,6.48
248,Chad,TCD,2012,4.03297472,2.1,2.1,49.96954379,6.37
249,Chad,TCD,2013,3.507663012,2.5,2.1,49.96371136,6.26
250,Chad,TCD,2014,3.460182905,2.9,2.2,49.95883027,6.16
251,Chad,TCD,2015,4.322675228,3.5,2.3,49.95383818,6.05
252,Chad,TCD,2016,4.029350281,5,2.3,49.94873913,5.95
256,Chile,CHL,2009,6.493686199,41.56,9.9,50.51372451,1.9
257,Chile,CHL,2010,6.63565588,45,9.8,50.50821936,1.88
258,Chile,CHL,2011,6.526334763,52.24960729,9.8,50.50256626,1.86
259,Chile,CHL,2012,6.599128723,55.05,9.9,50.49672887,1.83
260,Chile,CHL,2013,6.74015379,58,9.9,50.49063785,1.82
261,Chile,CHL,2014,6.844238281,61.11,10.1,50.48425964,1.8
262,Chile,CHL,2015,6.532749653,76.63,10.3,50.47757143,1.79
263,Chile,CHL,2016,6.579056263,83.56,10.3,50.47049488,1.77
264,Chile,CHL,2017,6.320119381,82.32748693,10.3,50.46306445,1.77
268,China,CHN,2009,4.454360962,28.9,7.1,48.53945503,1.59
269,China,CHN,2010,4.652736664,34.3,7.3,48.52880233,1.59
270,China,CHN,2011,5.037207603,38.3,7.4,48.51771645,1.59
271,China,CHN,2012,5.094917297,42.30011749,7.5,48.50657111,1.6
272,China,CHN,2013,5.241090298,45.8,7.5,48.49595924,1.6
273,China,CHN,2014,5.195619106,47.9,7.6,48.48665993,1.61
274,China,CHN,2015,5.303877831,50.3,7.7,48.47922338,1.62
275,China,CHN,2016,5.32495594,53.2,7.8,48.4738191,1.62
276,China,CHN,2017,5.099061489,54.3,7.8,48.47029142,1.63
280,Colombia,COL,2009,6.271604538,30,7.3,50.67747776,2.04
281,Colombia,COL,2010,6.40811348,36.5,7.4,50.69287045,2.01
282,Colombia,COL,2011,6.463952541,40.35091575,7.5,50.70807197,1.98
283,Colombia,COL,2012,6.374879837,48.98,7.6,50.72315664,1.95
284,Colombia,COL,2013,6.606550694,51.7,7.8,50.73824774,1.92
285,Colombia,COL,2014,6.44878912,52.57,8,50.75345916,1.9
286,Colombia,COL,2015,6.387571812,55.90497251,8.1,50.768872,1.87
287,Colombia,COL,2016,6.233715057,58.13649357,8.3,50.78450992,1.85
288,Colombia,COL,2017,6.157341957,62.25988032,8.3,50.80032427,1.83
303,Costa Rica,CRI,2009,7.614928722,34.33,8.4,49.89739922,1.95
304,Costa Rica,CRI,2010,7.271053791,36.5,8.3,49.90772842,1.92
305,Costa Rica,CRI,2011,7.228888512,39.212196,8.4,49.91887792,1.89
306,Costa Rica,CRI,2012,7.272250175,47.5,8.5,49.9308355,1.87
307,Costa Rica,CRI,2013,7.158000469,45.96,8.5,49.94316253,1.84
308,Costa Rica,CRI,2014,7.247086048,53,8.6,49.95507169,1.82
309,Costa Rica,CRI,2015,6.854004383,59.76295014,8.8,49.96627386,1.8
310,Costa Rica,CRI,2016,7.135617733,66.02871285,8.8,49.9766124,1.78
311,Costa Rica,CRI,2017,7.22518158,71.58166462,8.8,49.98616933,1.77
319,Croatia,HRV,2009,5.433319569,50.58,10.6,51.83485488,1.45
320,Croatia,HRV,2010,5.595575333,56.55,10.8,51.83400487,1.47
321,Croatia,HRV,2011,5.385372639,57.78997899,11,51.83258272,1.48
322,Croatia,HRV,2012,6.027634621,61.93997315,11,51.83087453,1.49
323,Croatia,HRV,2013,5.885462761,66.7476,11,51.82815933,1.49
324,Croatia,HRV,2014,5.380692482,68.57,11.1,51.82386052,1.49
325,Croatia,HRV,2015,5.205438137,69.8031,11.2,51.81715641,1.47
326,Croatia,HRV,2016,5.416875362,72.69730605,11.3,51.80789634,1.46
327,Croatia,HRV,2017,5.343165874,67.09619204,11.3,51.79629127,1.45
330,Cyprus,CYP,2009,6.833477497,49.81,11.3,49.96616844,1.44
331,Cyprus,CYP,2010,6.386546135,52.99,11.5,50.06538673,1.42
332,Cyprus,CYP,2011,6.689608574,56.85989235,11.6,50.0945025,1.41
333,Cyprus,CYP,2012,6.180507183,60.6898684,11.8,50.06915946,1.39
334,Cyprus,CYP,2013,5.438952446,65.4548,12,50.01136467,1.37
335,Cyprus,CYP,2014,5.627123833,69.33,11.9,49.95474343,1.36
336,Cyprus,CYP,2015,5.439161301,71.7159,11.9,49.92217802,1.35
337,Cyprus,CYP,2016,5.794618607,75.90036019,12.1,49.92052152,1.34
338,Cyprus,CYP,2017,6.062051296,80.74318897,12.1,49.94014646,1.34
340,Czech Republic,CZE,2007,6.500194073,51.93,12.2,51.147232,1.39
341,Czech Republic,CZE,2010,6.249617577,68.82,12.4,50.91812721,1.47
342,Czech Republic,CZE,2011,6.331490993,70.49,12.5,50.8822785,1.48
343,Czech Republic,CZE,2012,6.334149361,73.43000782,12.4,50.8662992,1.49
344,Czech Republic,CZE,2013,6.697655678,74.1104,12.6,50.86375153,1.5
345,Czech Republic,CZE,2014,6.483729839,74.23171164,12.8,50.86497861,1.51
346,Czech Republic,CZE,2015,6.608017445,75.6688387,12.7,50.86271252,1.52
347,Czech Republic,CZE,2016,6.735627174,76.48120138,12.7,50.85545592,1.54
348,Czech Republic,CZE,2017,6.789567947,78.71917285,12.7,50.84529044,1.56
359,Denmark,DNK,2009,7.683358669,86.84,12.7,50.40219367,1.84
360,Denmark,DNK,2010,7.770515442,88.72,12.7,50.3805954,1.88
361,Denmark,DNK,2011,7.78823185,89.81001339,12.7,50.35695792,1.76
362,Denmark,DNK,2012,7.519909382,92.26001172,12.8,50.33212664,1.73
363,Denmark,DNK,2013,7.588606834,94.6297,13.2,50.30809803,1.88
364,Denmark,DNK,2014,7.507559299,95.99,12.8,50.28778655,1.83
365,Denmark,DNK,2015,7.514424801,96.3305,12.5,50.27316458,1.79
366,Denmark,DNK,2016,7.55778265,96.96778525,12.6,50.26484335,1.74
367,Denmark,DNK,2017,7.593702316,97.09936216,12.6,50.26241155,1.75
374,Dominican Republic,DOM,2008,4.84230566,20.82,7.2,50.04655212,2.66
375,Dominican Republic,DOM,2009,5.431613922,27.72,7.2,50.06517362,2.63
376,Dominican Republic,DOM,2010,4.735021114,31.4,7.3,50.08352213,2.6
377,Dominican Republic,DOM,2011,5.396535397,38,7.4,50.10160465,2.57
378,Dominican Republic,DOM,2012,4.753311157,42.32,7.5,50.11951308,2.54
379,Dominican Republic,DOM,2013,5.015515327,45.9,7.6,50.13717145,2.51
380,Dominican Republic,DOM,2014,5.387331963,49.58,7.8,50.15461977,2.48
381,Dominican Republic,DOM,2015,5.061862469,54.21576634,7.8,50.17189223,2.45
382,Dominican Republic,DOM,2016,5.238698483,63.87,7.8,50.18893701,2.42
386,Ecuador,ECU,2009,6.021803379,24.6,7.9,49.95799208,2.68
387,Ecuador,ECU,2010,5.838051319,29.03,7.9,49.96687577,2.66
388,Ecuador,ECU,2011,5.795088291,31.36680836,8,49.97539096,2.63
389,Ecuador,ECU,2012,5.960716248,35.13514645,8.1,49.98359562,2.6
390,Ecuador,ECU,2013,6.019206047,40.27912194,8.3,49.99156214,2.57
391,Ecuador,ECU,2014,5.945851803,45.59039067,8.5,49.99931774,2.54
392,Ecuador,ECU,2015,5.964075089,48.94043379,8.4,50.00692812,2.51
393,Ecuador,ECU,2016,6.115437508,54.06292473,8.7,50.01439725,2.49
394,Ecuador,ECU,2017,5.839518547,57.27224368,8.7,50.02170245,2.46
398,Egypt,EGY,2009,5.066164494,20,6.4,49.52428988,3.11
399,Egypt,EGY,2010,4.668916225,21.6,6.5,49.50995096,3.19
400,Egypt,EGY,2011,4.174158573,25.6,6.7,49.49484072,3.25
401,Egypt,EGY,2012,4.204156876,26.4,6.8,49.47978813,3.31
402,Egypt,EGY,2013,3.558520317,29.4,6.9,49.46582258,3.34
403,Egypt,EGY,2014,4.885072708,33.89460391,7,49.45418685,3.34
404,Egypt,EGY,2015,4.762538433,37.81938343,7.1,49.44565567,3.31
405,Egypt,EGY,2016,4.556740761,41.24806709,7.2,49.44034656,3.27
406,Egypt,EGY,2017,3.929344177,44.95020425,7.2,49.43782799,3.21
409,El Salvador,SLV,2008,5.191493988,10.08,6.4,52.50780975,2.36
410,El Salvador,SLV,2009,6.839087009,12.11,6.5,52.58427439,2.31
411,El Salvador,SLV,2010,6.739911079,15.9,7.1,52.65668996,2.27
412,El Salvador,SLV,2011,4.741294861,18.9,6.5,52.72457682,2.22
413,El Salvador,SLV,2012,5.934371471,20.32138772,6.7,52.78777042,2.19
414,El Salvador,SLV,2013,6.325063229,23.1093,6.6,52.84631197,2.16
415,El Salvador,SLV,2014,5.856523514,24.76171215,6.5,52.90049476,2.13
416,El Salvador,SLV,2015,6.018496037,26.80260496,6.6,52.95079794,2.1
417,El Salvador,SLV,2016,6.139824867,28.99707305,6.9,52.99682255,2.08
420,Estonia,EST,2008,5.451937675,70.58,12.3,53.4994469,1.64
421,Estonia,EST,2009,5.137738705,72.5,12.4,53.4659002,1.65
422,Estonia,EST,2011,5.486819744,76.5,12.5,53.3942316,1.63
423,Estonia,EST,2012,5.363927841,78.38992593,12.5,53.3555735,1.62
424,Estonia,EST,2013,5.367445946,80.0043,12.6,53.31394724,1.61
425,Estonia,EST,2014,5.55598259,84.24152803,12.6,53.27226223,1.61
426,Estonia,EST,2015,5.628908634,88.4118116,12.7,53.22930367,1.62
427,Estonia,EST,2016,5.649675369,87.23733209,12.6,53.18689993,1.63
428,Estonia,EST,2017,5.938395977,88.10245687,12.7,53.14546857,1.65
435,Finland,FIN,2008,7.67062664,83.67,12.2,50.97617455,1.85
436,Finland,FIN,2010,7.393264294,86.89,12.3,50.92364881,1.87
437,Finland,FIN,2011,7.354225159,88.70999491,12.3,50.89755682,1.83
438,Finland,FIN,2012,7.420209408,89.87999797,12.4,50.87147962,1.8
439,Finland,FIN,2013,7.444635868,91.5144,12.3,50.84490962,1.85
440,Finland,FIN,2014,7.384571075,86.53039275,12.4,50.81685568,1.83
441,Finland,FIN,2015,7.447925568,86.42213333,12.4,50.78701663,1.8
442,Finland,FIN,2016,7.659843445,87.70364996,12.4,50.75508833,1.77
443,Finland,FIN,2017,7.788251877,87.46892907,12.4,50.72152435,1.78
447,France,FRA,2009,6.283498287,71.58,10.8,50.9267809,1.99
448,France,FRA,2010,6.797901154,77.28,10.9,50.92034028,1.99
449,France,FRA,2011,6.959185123,77.81999899,10.9,50.9117657,1.99
450,France,FRA,2012,6.649365425,81.44,11,50.90135148,1.99
451,France,FRA,2013,6.66712141,81.9198,11.2,50.88936921,1.98
452,France,FRA,2014,6.466867924,83.75,11.4,50.87623129,1.98
453,France,FRA,2015,6.357625008,78.01,11.5,50.8623451,1.98
454,France,FRA,2016,6.475208759,79.27,11.5,50.84778686,1.98
455,France,FRA,2017,6.635222435,80.5,11.5,50.83268354,1.98
477,Germany,DEU,2009,6.64149332,79,13.8,51.00994973,1.38
478,Germany,DEU,2010,6.724531174,82,13.8,50.97775385,1.39
479,Germany,DEU,2011,6.621312141,81.26999954,13.9,50.94505546,1.41
480,Germany,DEU,2012,6.702362061,82.34999847,14,50.91207962,1.42
481,Germany,DEU,2013,6.965125084,84.17,14,50.87928466,1.43
482,Germany,DEU,2014,6.984214306,86.19,14,50.84722104,1.44
483,Germany,DEU,2015,7.037137508,87.5898,14.1,50.81627642,1.45
484,Germany,DEU,2016,6.873763084,89.64710059,14.1,50.78647819,1.46
485,Germany,DEU,2017,7.074324608,84.39550077,14.1,50.75779379,1.47
488,Ghana,GHA,2008,4.965134621,4.27,6.6,50.38943911,4.35
489,Ghana,GHA,2009,4.197695732,5.44,6.7,50.46470178,4.31
490,Ghana,GHA,2010,4.606251717,7.8,6.7,50.4985478,4.27
491,Ghana,GHA,2011,5.608199596,9,6.8,50.48790321,4.23
492,Ghana,GHA,2012,5.057261944,10.6,6.8,50.44068235,4.19
493,Ghana,GHA,2013,4.965053082,15,6.9,50.3722655,4.15
494,Ghana,GHA,2014,3.860351086,25.51773743,6.9,50.30246002,4.1
495,Ghana,GHA,2015,3.985916138,31.44785241,6.9,50.24464866,4.04
496,Ghana,GHA,2016,4.514411449,34.66600065,7.1,50.20193942,3.98
498,Greece,GRC,2007,6.646961212,35.88,10,50.58495808,1.44
499,Greece,GRC,2009,6.038574696,42.4,10.1,50.67399626,1.43
500,Greece,GRC,2010,5.839558601,44.4,10.3,50.7068279,1.41
501,Greece,GRC,2011,5.372039795,51.64999517,10.3,50.72967211,1.39
502,Greece,GRC,2012,5.096354008,55.06999344,10.3,50.74317648,1.37
503,Greece,GRC,2013,4.720251083,59.8663,10.4,50.75030253,1.35
504,Greece,GRC,2014,4.75623703,63.21,10.5,50.75543277,1.33
505,Greece,GRC,2015,5.622519016,66.835,10.6,50.76180247,1.31
506,Greece,GRC,2016,5.302619457,69.08791547,10.8,50.77027625,1.31
509,Guatemala,GTM,2008,6.414494514,8.3,4.3,50.91600153,3.58
510,Guatemala,GTM,2009,6.451916218,9.3,4.6,50.89867398,3.47
511,Guatemala,GTM,2010,6.289748669,10.5,4.9,50.8815468,3.38
512,Guatemala,GTM,2011,5.743353844,12.3,5.3,50.86507922,3.29
513,Guatemala,GTM,2012,5.855717182,16,4.6,50.84943367,3.22
514,Guatemala,GTM,2013,5.984601498,19.7,4.7,50.83469018,3.15
515,Guatemala,GTM,2014,6.536030769,23.4,6.4,50.82068321,3.09
516,Guatemala,GTM,2015,6.464986801,28.80594156,6.3,50.80734106,3.03
517,Guatemala,GTM,2016,6.358916283,34.50932609,6.5,50.79473408,2.97
537,Honduras,HND,2009,6.033189297,9.8,5.2,50.18453588,2.98
538,Honduras,HND,2010,5.866131306,11.09,5.4,50.17641714,2.87
539,Honduras,HND,2011,4.961031437,15.9,5.6,50.16926699,2.78
540,Honduras,HND,2012,4.602218151,18.12,5.5,50.1628977,2.69
541,Honduras,HND,2013,4.713358402,17.8,5.8,50.15718224,2.62
542,Honduras,HND,2014,5.055726051,19.08,6.2,50.15212484,2.56
543,Honduras,HND,2015,4.845436573,27.61981381,6.3,50.14751435,2.51
544,Honduras,HND,2016,5.648154736,30,6.5,50.14337423,2.46
545,Hong Kong,HKG,2006,5.511187077,60.8,11,52.25161063,0.99
546,Hong Kong,HKG,2008,5.137261868,66.7,11.3,52.69361831,1.05
547,Hong Kong,HKG,2009,5.397055626,69.4,11.4,52.89547402,1.08
548,Hong Kong,HKG,2010,5.642834663,72,11.5,53.08064374,1.12
549,Hong Kong,HKG,2011,5.474010944,72.2,11.4,53.24693705,1.15
550,Hong Kong,HKG,2012,5.483764648,72.9,11.6,53.39501765,1.18
551,Hong Kong,HKG,2014,5.458050728,79.86627043,11.9,53.6559513,1.24
552,Hong Kong,HKG,2016,5.498420715,87.47784626,12,53.89915012,1.3
553,Hong Kong,HKG,2017,5.362474918,89.41594465,12,54.01468021,1.32
556,Hungary,HUN,2009,4.894600391,62,11.7,52.55934495,1.33
557,Hungary,HUN,2010,4.725132465,65,11.9,52.55161994,1.33
558,Hungary,HUN,2011,4.917602539,68.01998789,12,52.54026567,1.33
559,Hungary,HUN,2012,4.683358192,70.57999815,12.2,52.52542027,1.33
560,Hungary,HUN,2013,4.914466858,72.6439,12,52.50800167,1.34
561,Hungary,HUN,2014,5.18056345,75.65319745,11.8,52.48917442,1.35
562,Hungary,HUN,2015,5.34438324,72.8347,11.8,52.46967322,1.36
563,Hungary,HUN,2016,5.448901653,79.25940132,11.9,52.4499558,1.37
564,Hungary,HUN,2017,6.065038681,76.75054712,11.9,52.43024832,1.39
572,India,IND,2008,5.145833015,4.38,5.2,48.14014276,2.75
573,India,IND,2009,4.521517754,5.12,5.3,48.13495013,2.67
574,India,IND,2010,4.989277363,7.5,5.4,48.13306616,2.6
575,India,IND,2011,4.634871483,10.07,5.4,48.13485877,2.53
576,India,IND,2012,4.720146656,12.58006091,5.6,48.13986179,2.48
577,India,IND,2013,4.427788734,15.1,5.8,48.14714803,2.43
578,India,IND,2014,4.424379349,21,6.1,48.15541856,2.38
579,India,IND,2015,4.342079163,26,6.3,48.16376541,2.35
580,India,IND,2016,4.179177284,29.54716289,6.4,48.17197145,2.33
584,Indonesia,IDN,2009,5.472361088,6.92,7.4,49.60603988,2.49
585,Indonesia,IDN,2010,5.457299232,10.92,7.4,49.58095591,2.48
586,Indonesia,IDN,2011,5.172608376,12.28,7.6,49.57236532,2.47
587,Indonesia,IDN,2012,5.36777401,14.52,7.6,49.57794284,2.46
588,Indonesia,IDN,2013,5.292237759,14.94,7.8,49.59315745,2.44
589,Indonesia,IDN,2014,5.597375393,17.14,7.8,49.61165654,2.41
590,Indonesia,IDN,2015,5.04279995,21.97606771,7.9,49.62895098,2.39
591,Indonesia,IDN,2016,5.136325359,25.45,8,49.64400613,2.36
592,Indonesia,IDN,2017,5.098401546,32.2924419,8,49.65805436,2.34
594,Iran,IRN,2007,5.336371422,9.47,8.9,49.06866623,1.79
595,Iran,IRN,2008,5.128988266,12.02,8.6,49.19178717,1.78
596,Iran,IRN,2011,4.767507076,19,9.2,49.49932163,1.76
597,Iran,IRN,2012,4.608927727,22.73,9.5,49.56029722,1.74
598,Iran,IRN,2013,5.139579296,29.95,9.8,49.60548464,1.73
599,Iran,IRN,2014,4.682224274,39.35,9.8,49.64074663,1.71
600,Iran,IRN,2015,4.749955654,45.33497588,9.8,49.67047961,1.69
601,Iran,IRN,2016,4.652730942,53.22677263,9.8,49.6942503,1.66
602,Iran,IRN,2017,4.716783047,60.41635615,9.8,49.71071593,1.64
604,Iraq,IRQ,2009,4.775316715,1.06,6.3,49.45825078,4.56
605,Iraq,IRQ,2010,5.065462112,2.5,6.4,49.45501861,4.56
606,Iraq,IRQ,2011,4.725366116,5,6.6,49.44701297,4.56
607,Iraq,IRQ,2012,4.659508705,7.1,6.6,49.43559234,4.54
608,Iraq,IRQ,2013,4.725017071,9.2,6.6,49.42231449,4.52
609,Iraq,IRQ,2014,4.541502476,13.21,6.6,49.40907687,4.48
610,Iraq,IRQ,2015,4.493377209,17.22,6.6,49.39712562,4.43
611,Iraq,IRQ,2016,4.412537098,21.23,6.7,49.38655735,4.37
612,Iraq,IRQ,2017,4.462399006,49.35999889,6.8,49.37694479,4.31
615,Ireland,IRL,2009,7.045911312,67.38,12.1,50.13449887,2
616,Ireland,IRL,2010,7.257389545,69.85,12.2,50.17722342,2
617,Ireland,IRL,2011,7.006904125,74.88997297,10.9,50.22537966,2
618,Ireland,IRL,2012,6.964645386,76.91999254,11.3,50.2789692,2
619,Ireland,IRL,2013,6.760085106,78.2477,11.8,50.3316233,2
620,Ireland,IRL,2014,7.018379211,83.49172234,12.3,50.37495089,1.99
621,Ireland,IRL,2015,6.830125332,83.49479167,12.3,50.4027567,1.99
622,Ireland,IRL,2016,7.04073143,85.01113212,12.5,50.41184272,1.99
623,Ireland,IRL,2017,7.060155392,84.51538863,12.5,50.40446047,1.98
627,Israel,ISR,2009,7.352979183,63.12,12.6,50.62736176,2.97
628,Israel,ISR,2010,7.358916283,67.5,12.6,50.60450129,3
629,Israel,ISR,2011,7.433147907,68.87387799,12.7,50.57282027,3.01
630,Israel,ISR,2012,7.110854626,70.8,12.8,50.53414008,3.03
631,Israel,ISR,2013,7.320563316,70.25031195,12.8,50.49103017,3.03
632,Israel,ISR,2014,7.400570393,75.01775316,12.9,50.44726186,3.02
633,Israel,ISR,2015,7.07941103,77.35208966,13,50.4056021,3
634,Israel,ISR,2016,7.159010887,79.65312418,13,50.36675602,2.97
635,Israel,ISR,2017,7.331036091,81.58118359,13,50.33014776,2.95
639,Italy,ITA,2009,6.333800316,48.83,9.6,51.41003756,1.42
640,Italy,ITA,2010,6.354238033,53.68,9.7,51.41969,1.43
641,Italy,ITA,2011,6.057086468,54.3899983,9.8,51.41695112,1.43
642,Italy,ITA,2012,5.839313984,55.82999799,9.9,51.40406749,1.43
643,Italy,ITA,2013,6.009373665,58.4593,10.3,51.38290115,1.44
644,Italy,ITA,2014,6.026585102,55.63846022,10.1,51.35677847,1.45
645,Italy,ITA,2015,5.847683907,58.14173496,10.2,51.32836479,1.46
646,Italy,ITA,2016,5.95452404,61.32425277,10.2,51.29787353,1.47
647,Italy,ITA,2017,6.198870182,61.30114276,10.2,51.26484952,1.48
655,Japan,JPN,2009,5.844999313,78,11.4,51.07103665,1.36
656,Japan,JPN,2010,6.056752682,78.21,11.5,51.08643497,1.37
657,Japan,JPN,2011,6.262793541,79.05411352,11.8,51.09970592,1.39
658,Japan,JPN,2012,5.968216419,79.4964,12,51.11110649,1.4
659,Japan,JPN,2013,5.959361553,88.21942891,12.2,51.12135234,1.42
660,Japan,JPN,2014,5.922620773,89.10683302,12.5,51.13141703,1.43
661,Japan,JPN,2015,5.879684448,91.05802839,12.5,51.14204647,1.44
662,Japan,JPN,2016,5.954650879,93.18272128,12.7,51.15349099,1.46
663,Japan,JPN,2017,5.910676479,90.87304215,12.8,51.16559274,1.47
689,Kenya,KEN,2008,4.015274525,5.2,6,50.29978359,4.58
690,Kenya,KEN,2009,4.270434856,6.1,6.1,50.29558221,4.48
691,Kenya,KEN,2010,4.255859375,7.2,6.1,50.29308353,4.37
692,Kenya,KEN,2011,4.405310154,8.8,6.2,50.29243529,4.27
693,Kenya,KEN,2012,4.547335148,10.5,6.2,50.29335712,4.17
694,Kenya,KEN,2013,3.795383215,13,6.3,50.29522151,4.07
695,Kenya,KEN,2014,4.904579639,16.5,6.3,50.29719551,3.99
696,Kenya,KEN,2015,4.357617855,16.6,6.3,50.29873339,3.92
697,Kenya,KEN,2016,4.396127701,16.6,6.4,50.29969111,3.85
726,Latvia,LVA,2008,5.145375252,63.41,12.2,54.20106083,1.49
727,Latvia,LVA,2009,4.668910503,66.84,12.3,54.2087371,1.5
728,Latvia,LVA,2011,4.966811657,69.74995456,12.6,54.19709686,1.51
729,Latvia,LVA,2012,5.125025272,73.11994377,12.6,54.17715001,1.51
730,Latvia,LVA,2013,5.069770336,75.2344,12.7,54.15158262,1.51
731,Latvia,LVA,2014,5.729115486,75.83,12.9,54.1260359,1.52
732,Latvia,LVA,2015,5.880597591,79.2006,12.8,54.10331982,1.53
733,Latvia,LVA,2016,5.940446377,79.84209778,12.8,54.08637085,1.54
734,Latvia,LVA,2017,5.977817535,81.3158617,12.8,54.07340312,1.56
759,Lithuania,LTU,2009,5.466920853,59.76,11.5,53.9092236,1.47
760,Lithuania,LTU,2010,5.065824986,62.12,11.6,53.96802175,1.51
761,Lithuania,LTU,2011,5.43243742,63.6399774,11.8,53.998285,1.54
762,Lithuania,LTU,2012,5.771037102,67.22998933,11.7,54.00279858,1.57
763,Lithuania,LTU,2013,5.595689297,68.4529,11.9,53.98841902,1.6
764,Lithuania,LTU,2014,6.125723839,72.13,13,53.96759318,1.62
765,Lithuania,LTU,2015,5.711378098,71.378,13,53.94955174,1.64
766,Lithuania,LTU,2016,5.865552425,74.37664556,13,53.93702845,1.65
767,Lithuania,LTU,2017,6.272940636,77.61525651,13,53.92806468,1.66
768,Luxembourg,LUX,2009,6.957920074,87.31,11.8,50.41639884,1.59
769,Luxembourg,LUX,2010,7.097251892,90.62,11.8,50.32447971,1.58
770,Luxembourg,LUX,2011,7.101400375,90.02985856,11.8,50.21742601,1.57
771,Luxembourg,LUX,2012,6.964097023,91.94992374,11.8,50.10096039,1.56
772,Luxembourg,LUX,2013,7.130809307,93.7765,11.8,49.98540543,1.55
773,Luxembourg,LUX,2014,6.89112711,94.67,12,49.8859455,1.56
774,Luxembourg,LUX,2015,6.701571465,96.38,12,49.81111301,1.56
775,Luxembourg,LUX,2016,6.967340946,98.13669867,12.1,49.76612667,1.57
776,Luxembourg,LUX,2017,7.061380863,97.82762613,12.1,49.74325487,1.58
777,Macedonia,MKD,2007,4.493598461,36.3,8.5,50.03936177,1.48
778,Macedonia,MKD,2009,4.428021908,51.77,8.9,50.04468133,1.46
779,Macedonia,MKD,2010,4.180202007,51.9,9.1,50.04232801,1.47
780,Macedonia,MKD,2011,4.898180008,56.7,9.3,50.03684172,1.47
781,Macedonia,MKD,2012,4.639647484,57.44994731,9.3,50.02892907,1.49
782,Macedonia,MKD,2013,5.186190605,65.24,9.4,50.01980021,1.5
783,Macedonia,MKD,2014,5.203825951,68.06,9.5,50.01179304,1.51
784,Macedonia,MKD,2015,4.975589752,70.3802,9.6,50.0069975,1.52
785,Macedonia,MKD,2016,5.34574604,72.15681447,9.6,50.00547761,1.53
786,Madagascar,MDG,2006,3.979751348,0.607552239,5.7,50.20394574,4.96
787,Madagascar,MDG,2008,4.640079021,1.65,5.9,50.19751235,4.78
788,Madagascar,MDG,2011,4.381415367,1.9,6.1,50.17956259,4.52
789,Madagascar,MDG,2012,3.550609589,2.3,6.1,50.1712544,4.44
790,Madagascar,MDG,2013,3.815607071,3,6.1,50.16247664,4.37
791,Madagascar,MDG,2014,3.675626993,3.7,6.1,50.15371899,4.3
792,Madagascar,MDG,2015,3.592514038,4.17397219,6.1,50.14545219,4.24
793,Madagascar,MDG,2016,3.663085938,4.713662899,6.1,50.13775509,4.18
794,Madagascar,MDG,2017,4.078620434,9.8,6.1,50.1305938,4.13
805,Malaysia,MYS,2007,6.238904476,55.7,8.8,48.63004175,2.22
806,Malaysia,MYS,2008,5.806781769,55.8,9.4,48.57122381,2.19
807,Malaysia,MYS,2009,5.384701729,55.9,9.6,48.51573487,2.17
808,Malaysia,MYS,2010,5.580281734,56.3,9.8,48.46430922,2.15
809,Malaysia,MYS,2011,5.786367416,61,10.1,48.41653613,2.13
810,Malaysia,MYS,2012,5.914283752,65.8,10.1,48.37391132,2.11
811,Malaysia,MYS,2013,5.770199776,57.05751226,10.1,48.34089935,2.09
812,Malaysia,MYS,2014,5.962921619,63.66542588,10.1,48.32279945,2.07
813,Malaysia,MYS,2015,6.322121143,71.06406781,10.2,48.32260858,2.06
815,Mali,MLI,2008,4.114664078,1.57,1.9,50.10236794,6.67
816,Mali,MLI,2009,3.976598501,1.8,1.9,50.06924267,6.61
817,Mali,MLI,2010,3.762305021,2,2,50.04402298,6.55
818,Mali,MLI,2011,4.666832924,2.2,2,50.02714756,6.47
819,Mali,MLI,2012,4.313016891,2.8,2.1,50.01688359,6.4
820,Mali,MLI,2013,3.676277161,3.5,2.2,50.00981319,6.32
821,Mali,MLI,2014,3.974714279,7,2.3,50.00183342,6.23
822,Mali,MLI,2015,4.582098484,10.33,2.3,49.99033371,6.15
823,Mali,MLI,2016,4.016027927,11.11218649,2.3,49.97481222,6.06
849,Mexico,MEX,2009,6.962819099,26.34,8.2,50.23606118,2.36
850,Mexico,MEX,2010,6.802388668,31.05,8,50.23112466,2.34
851,Mexico,MEX,2011,6.909515381,37.17629541,8.4,50.22646482,2.32
852,Mexico,MEX,2012,7.320185184,39.75,8.6,50.222344,2.3
853,Mexico,MEX,2013,7.442546368,43.46,8.4,50.21871864,2.27
854,Mexico,MEX,2014,6.679831028,44.39,8.4,50.21558007,2.24
855,Mexico,MEX,2015,6.236287117,57.43104299,8.6,50.21292952,2.22
856,Mexico,MEX,2016,6.824172974,59.540446,8.6,50.21068221,2.18
857,Mexico,MEX,2017,6.410299301,63.85224909,8.6,50.20880006,2.15
869,Mongolia,MNG,2007,4.609059334,9,8.9,50.30964567,2.33
870,Mongolia,MNG,2008,4.493010044,9.8,9,50.33596221,2.43
871,Mongolia,MNG,2010,4.585523605,10.2,9.5,50.38449487,2.64
872,Mongolia,MNG,2011,5.031173706,12.49999111,9.8,50.40664303,2.72
873,Mongolia,MNG,2012,4.885150433,16.4,9.9,50.42713388,2.77
874,Mongolia,MNG,2013,4.912928104,17.69998424,10,50.44662027,2.81
875,Mongolia,MNG,2014,4.824834824,19.94244743,10.1,50.46612433,2.81
876,Mongolia,MNG,2015,4.982719898,22.5,10.1,50.48681907,2.79
877,Mongolia,MNG,2016,5.056999683,22.2657705,10.1,50.50905134,2.76
909,Nepal,NPL,2008,4.440526485,1.73,3.1,50.88388249,2.87
910,Nepal,NPL,2009,4.91686821,1.97,3.2,51.0706233,2.74
911,Nepal,NPL,2010,4.349675179,7.93,3.3,51.22120722,2.61
912,Nepal,NPL,2011,3.809444666,9,3.3,51.33008026,2.49
913,Nepal,NPL,2012,4.233244896,11.1493,4,51.40462562,2.38
914,Nepal,NPL,2013,4.604576588,13.3,4.2,51.44944616,2.29
915,Nepal,NPL,2014,4.975014687,15.44,4.5,51.47308068,2.22
916,Nepal,NPL,2015,4.812436581,17.58161801,4.7,51.48228729,2.16
917,Nepal,NPL,2016,5.099539757,19.68876384,4.9,51.47702918,2.12
920,Netherlands,NLD,2008,7.631011963,87.42,12,50.36844086,1.77
921,Netherlands,NLD,2010,7.501875877,90.72,12,50.34202332,1.8
922,Netherlands,NLD,2011,7.563797951,91.41999576,12,50.33176778,1.76
923,Netherlands,NLD,2012,7.470715523,92.85999236,12,50.32320394,1.76
924,Netherlands,NLD,2013,7.406550407,93.9564,12.1,50.31464337,1.77
925,Netherlands,NLD,2014,7.32118845,91.666666,12.1,50.30358475,1.76
926,Netherlands,NLD,2015,7.324437141,91.72413793,12.1,50.28844953,1.75
927,Netherlands,NLD,2016,7.540877342,90.4109589,12.1,50.26853845,1.74
928,Netherlands,NLD,2017,7.458965302,93.19727891,12.2,50.24478244,1.75
930,New Zealand,NZL,2007,7.604173183,69.76,11.8,50.98053575,2.11
931,New Zealand,NZL,2008,7.38117075,72.03,11.8,50.95249782,2.12
932,New Zealand,NZL,2010,7.223756313,80.46,12,50.89854602,2.12
933,New Zealand,NZL,2011,7.190638065,81.23,12,50.87761943,2.1
934,New Zealand,NZL,2012,7.249629974,81.64447018,12.1,50.86037811,2.07
935,New Zealand,NZL,2013,7.280151844,82.78,12.1,50.84685695,2.05
936,New Zealand,NZL,2014,7.305892467,85.5,12.2,50.83691707,2.03
937,New Zealand,NZL,2015,7.418120861,88.22288882,12.4,50.83004174,2.01
938,New Zealand,NZL,2016,7.225687981,88.47018635,12.5,50.82650444,1.99
941,Nicaragua,NIC,2008,5.103827477,5.3,5.8,50.70624645,2.52
942,Nicaragua,NIC,2009,5.352804661,7.3,5.9,50.72244583,2.48
943,Nicaragua,NIC,2010,5.68669939,10,6,50.73212892,2.43
944,Nicaragua,NIC,2011,5.385705471,10.6,6.1,50.73468186,2.38
945,Nicaragua,NIC,2012,5.448006153,13.5,6.3,50.73094637,2.34
946,Nicaragua,NIC,2013,5.772274971,15.5,6.4,50.72335799,2.3
947,Nicaragua,NIC,2014,6.275266647,17.6,6.5,50.71484025,2.26
948,Nicaragua,NIC,2015,5.924112797,19.7042915,6.5,50.70773233,2.23
949,Nicaragua,NIC,2016,6.012739658,24.57183396,6.7,50.702439,2.2
962,Nigeria,NGA,2006,4.709745884,5.545036083,5.2,49.48687717,5.96
963,Nigeria,NGA,2007,4.890419483,6.77,5.2,49.47068827,5.93
964,Nigeria,NGA,2008,4.938560486,8,5.2,49.45465996,5.9
965,Nigeria,NGA,2009,4.980220318,9.3,5.2,49.43874141,5.87
966,Nigeria,NGA,2010,4.760275841,11.5,5.2,49.42295085,5.84
967,Nigeria,NGA,2012,5.492954254,16.1,5.7,49.3920018,5.76
968,Nigeria,NGA,2013,4.81786871,19.1,5.9,49.37718336,5.71
969,Nigeria,NGA,2015,4.932914734,24.5,6,49.34990223,5.59
970,Nigeria,NGA,2016,5.219567776,25.67,6.2,49.33763114,5.53
981,Pakistan,PAK,2008,4.413918972,7,4.4,48.53909748,3.94
982,Pakistan,PAK,2009,5.208146572,7.5,4.5,48.56691775,3.9
983,Pakistan,PAK,2010,5.786132813,8,4.7,48.58895257,3.86
984,Pakistan,PAK,2011,5.267186165,9,4.8,48.60457547,3.8
985,Pakistan,PAK,2012,5.131565094,9.96,4.8,48.61500288,3.74
986,Pakistan,PAK,2013,5.138082504,10.9,4.9,48.62145603,3.68
987,Pakistan,PAK,2014,5.435657978,12,5.1,48.62573869,3.62
988,Pakistan,PAK,2015,4.823194981,14,5.1,48.62917464,3.55
989,Pakistan,PAK,2016,5.548508167,15.51455779,5.2,48.63196073,3.48
1016,Peru,PER,2009,5.518846989,31.4,8.4,50.03644294,2.57
1017,Peru,PER,2010,5.612785339,34.77,8.4,50.03778728,2.55
1018,Peru,PER,2011,5.892457485,36.01,9.1,50.03939854,2.53
1019,Peru,PER,2012,5.824557304,38.2,8.6,50.04127131,2.5
1020,Peru,PER,2013,5.782557487,39.2,8.8,50.04340648,2.48
1021,Peru,PER,2014,5.865815639,40.2,9.4,50.04583779,2.46
1022,Peru,PER,2015,5.577263355,40.9,9.1,50.04852968,2.43
1023,Peru,PER,2016,5.700628757,45.46174069,9.2,50.05152982,2.4
1024,Peru,PER,2017,5.710936546,48.72763146,9.2,50.05483206,2.37
1027,Philippines,PHL,2008,4.589065075,6.22,9,49.59885729,3.28
1028,Philippines,PHL,2009,4.879910946,9,9,49.55076822,3.21
1029,Philippines,PHL,2010,4.941514015,25,8.9,49.52359052,3.16
1030,Philippines,PHL,2011,4.993956566,29,9,49.52041363,3.11
1031,Philippines,PHL,2012,5.001965046,36.2351,9.1,49.53652928,3.07
1032,Philippines,PHL,2013,4.976925373,48.09902359,9.1,49.5653777,3.03
1033,Philippines,PHL,2014,5.312550068,49.6,9.2,49.59759792,2.99
1034,Philippines,PHL,2015,5.547489166,53.7,9.3,49.62670608,2.96
1035,Philippines,PHL,2016,5.430832863,55.5,9.3,49.65155805,2.93
1038,Poland,POL,2009,5.772027493,58.97,12.1,51.63998048,1.37
1039,Poland,POL,2010,5.887029648,62.32,12.2,51.65044955,1.37
1040,Poland,POL,2011,5.646204948,61.94999897,12.3,51.66082269,1.36
1041,Poland,POL,2012,5.87593174,62.30999727,11.7,51.67075802,1.34
1042,Poland,POL,2013,5.746131897,62.8492,12.1,51.68008029,1.33
1043,Poland,POL,2014,5.750282288,66.6,11.3,51.68845469,1.32
1044,Poland,POL,2015,6.007021904,67.997,12.1,51.69567164,1.31
1045,Poland,POL,2016,6.162076473,73.3007,12.2,51.70174386,1.3
1046,Poland,POL,2017,6.201268196,75.98536595,12.3,51.70690302,1.29
1048,Portugal,PRT,2008,5.716966629,44.13,7.8,51.88563793,1.36
1049,Portugal,PRT,2010,5.094525814,53.3,8.1,52.12294968,1.33
1050,Portugal,PRT,2011,5.219997883,55.24999688,8.3,52.24011416,1.31
1051,Portugal,PRT,2012,4.993962288,60.33999749,8.5,52.35630816,1.29
1052,Portugal,PRT,2013,5.157688141,62.0956,8.6,52.46441948,1.28
1053,Portugal,PRT,2014,5.12691164,64.59,8.9,52.55540529,1.26
1054,Portugal,PRT,2015,5.080866337,68.6329,9.1,52.62287729,1.25
1055,Portugal,PRT,2016,5.446637154,70.42356709,9.2,52.66214716,1.25
1056,Portugal,PRT,2017,5.711499214,73.79121395,9.2,52.6745188,1.24
1076,Russia,RUS,2009,5.158227921,29,11.5,53.61271201,1.54
1077,Russia,RUS,2010,5.384773254,43,11.5,53.62415131,1.57
1078,Russia,RUS,2011,5.388766289,49,11.6,53.62133843,1.59
1079,Russia,RUS,2012,5.620735645,63.8,11.7,53.60583594,1.62
1080,Russia,RUS,2013,5.537177563,67.97,11.8,53.58289726,1.66
1081,Russia,RUS,2014,6.036976814,70.52,11.9,53.55981242,1.7
1082,Russia,RUS,2015,5.995538712,70.1,12,53.5419379,1.74
1083,Russia,RUS,2016,5.85494566,73.09143462,12,53.53113833,1.75
1084,Russia,RUS,2017,5.578742981,76.00813853,12,53.52634937,1.76
1096,Saudi Arabia,SAU,2009,6.14759016,38,8.6,43.92849552,3.06
1097,Saudi Arabia,SAU,2010,6.307098389,41,8.9,43.84592534,2.96
1098,Saudi Arabia,SAU,2011,6.699789524,47.5,9.1,43.75573894,2.87
1099,Saudi Arabia,SAU,2012,6.396359444,54,9.4,43.66498573,2.78
1100,Saudi Arabia,SAU,2013,6.495132923,60.5,9.5,43.56480641,2.7
1101,Saudi Arabia,SAU,2014,6.27837801,64.71365737,9.5,43.44473539,2.64
1102,Saudi Arabia,SAU,2015,6.345491886,69.6162358,9.5,43.30063285,2.58
1103,Saudi Arabia,SAU,2016,6.473921299,74.88,9.5,43.12581522,2.53
1104,Saudi Arabia,SAU,2017,6.294282436,80.07575862,9.5,42.92976325,2.49
1117,Serbia,SRB,2009,4.380311966,38.1,10.4,51.09821034,1.58
1118,Serbia,SRB,2010,4.461304188,40.9,10.4,51.09266388,1.58
1119,Serbia,SRB,2011,4.815186501,42.2,10.6,51.09385492,1.58
1120,Serbia,SRB,2012,5.154521942,48.1,10.5,51.10041008,1.58
1121,Serbia,SRB,2013,5.101840496,53.45036418,10.4,51.11045443,1.59
1122,Serbia,SRB,2014,5.112728596,62.07508046,10.7,51.12049777,1.6
1123,Serbia,SRB,2015,5.317685127,65.3170254,11,51.12808645,1.6
1124,Serbia,SRB,2016,5.752754688,67.05684137,11.1,51.13295445,1.61
1125,Serbia,SRB,2017,5.122031212,70.33083553,11.1,51.13593872,1.62
1126,Sierra Leone,SLE,2006,3.628185034,0.227669467,2.8,50.66934601,5.75
1127,Sierra Leone,SLE,2007,3.585127354,0.239834699,2.8,50.65993708,5.62
1128,Sierra Leone,SLE,2008,2.997251034,0.25,2.9,50.64664387,5.49
1129,Sierra Leone,SLE,2010,4.133955956,0.58,3.1,50.61252858,5.2
1130,Sierra Leone,SLE,2011,4.501643658,0.9,3.1,50.59295012,5.06
1131,Sierra Leone,SLE,2013,4.514291286,4,3.3,50.55052102,4.79
1132,Sierra Leone,SLE,2014,4.499970436,6.057298984,3.3,50.52980802,4.67
1133,Sierra Leone,SLE,2015,4.908617973,6.344421603,3.4,50.51049961,4.56
1134,Sierra Leone,SLE,2016,4.732953072,11.77318438,3.4,50.49303816,4.46
1137,Singapore,SGP,2008,6.641956806,69,10.5,50.57470435,1.28
1138,Singapore,SGP,2009,6.144676685,69,10.5,50.62561424,1.26
1139,Singapore,SGP,2010,6.531401634,71,11.2,50.65707157,1.26
1140,Singapore,SGP,2011,6.561041832,71,11.2,50.66778104,1.26
1141,Singapore,SGP,2013,6.53320694,80.90205685,11.4,50.64483328,1.25
1142,Singapore,SGP,2014,7.062364578,79.02923586,11.4,50.62550256,1.25
1143,Singapore,SGP,2015,6.619524956,79.012957,11.5,50.60944842,1.24
1144,Singapore,SGP,2016,6.033480644,84.45,11.5,50.59812861,1.25
1145,Singapore,SGP,2017,6.378437996,84.44953878,11.5,50.59025198,1.25
1158,South Africa,ZAF,2008,5.346306801,8.43,9.7,50.90681541,2.62
1159,South Africa,ZAF,2009,5.218430996,10,10.1,50.90206817,2.6
1160,South Africa,ZAF,2010,4.652428627,24,10,50.89781617,2.59
1161,South Africa,ZAF,2011,4.930511475,33.97,9.9,50.89399173,2.57
1162,South Africa,ZAF,2012,5.133887768,41,9.8,50.89089229,2.55
1163,South Africa,ZAF,2013,3.660727262,46.5,9.9,50.88966278,2.53
1164,South Africa,ZAF,2014,4.828456402,49,10,50.8916369,2.51
1165,South Africa,ZAF,2015,4.887325764,51.91911572,10.1,50.89760354,2.49
1166,South Africa,ZAF,2016,4.769739628,54,10.1,50.90790179,2.46
1170,South Korea,KOR,2009,5.647689819,81.6,11,49.88218322,1.18
1171,South Korea,KOR,2010,6.116024494,83.7,11.8,49.89490916,1.19
1172,South Korea,KOR,2011,6.946599007,83.75912015,11.8,49.9064211,1.21
1173,South Korea,KOR,2012,6.003286839,84.07,11.9,49.91699871,1.22
1174,South Korea,KOR,2013,5.958809853,84.77,12,49.92674596,1.24
1175,South Korea,KOR,2014,5.801325321,87.55682649,12.1,49.9359896,1.26
1176,South Korea,KOR,2015,5.780211449,89.9,12.1,49.94499311,1.28
1177,South Korea,KOR,2016,5.970564365,92.84302568,12.1,49.95375544,1.3
1178,South Korea,KOR,2017,5.873887062,95.09714917,12.1,49.96222801,1.31
1185,Spain,ESP,2009,6.198601246,62.4,9.3,50.54158735,1.38
1186,Spain,ESP,2010,6.188262463,65.8,9.4,50.55894675,1.37
1187,Spain,ESP,2011,6.518249035,67.08999939,9.5,50.60963476,1.35
1188,Spain,ESP,2012,6.290690422,69.80999994,9.5,50.68880248,1.35
1189,Spain,ESP,2013,6.150027275,71.635,9.5,50.78170482,1.34
1190,Spain,ESP,2014,6.456477642,76.19,9.7,50.86682109,1.34
1191,Spain,ESP,2015,6.380663395,78.6896,9.7,50.92811032,1.35
1192,Spain,ESP,2016,6.318612099,80.56133294,9.8,50.95929826,1.36
1193,Spain,ESP,2017,6.230173111,84.6022457,9.8,50.96518516,1.38
1195,Sri Lanka,LKA,2007,4.414805412,3.88,10.6,50.96150623,2.27
1196,Sri Lanka,LKA,2008,4.430846214,5.8,11,51.09119261,2.26
1197,Sri Lanka,LKA,2009,4.212026596,8.78,10.9,51.21749659,2.23
1198,Sri Lanka,LKA,2010,3.976905107,12,10.8,51.3381928,2.2
1199,Sri Lanka,LKA,2011,4.180569172,15,10.8,51.45294438,2.17
1200,Sri Lanka,LKA,2012,4.224593163,18.2854,10.9,51.56127797,2.14
1201,Sri Lanka,LKA,2013,4.364694118,21.9,10.9,51.66097642,2.11
1202,Sri Lanka,LKA,2014,4.267932892,25.8,10.9,51.74959457,2.08
1203,Sri Lanka,LKA,2015,4.611606598,29.98873755,10.9,51.82570855,2.06
1241,Tanzania,TZA,2007,4.317949772,1.6,4.9,50.68075324,5.58
1242,Tanzania,TZA,2008,4.384741783,1.9,5,50.67293513,5.54
1243,Tanzania,TZA,2009,3.407507896,2.4,5,50.66182494,5.49
1244,Tanzania,TZA,2010,3.229129076,2.9,5.1,50.65014237,5.43
1245,Tanzania,TZA,2011,4.073562145,3.2,5.1,50.63832618,5.36
1246,Tanzania,TZA,2012,4.006897449,3.95,5.5,50.62561992,5.29
1247,Tanzania,TZA,2013,3.852394819,4.4,5.5,50.61199421,5.22
1248,Tanzania,TZA,2014,3.483278513,7,5.6,50.59717386,5.15
1249,Tanzania,TZA,2015,3.660597324,10,5.8,50.58110391,5.08
1250,Tanzania,TZA,2016,2.90273428,13,5.8,50.56397538,5.02
1254,Thailand,THA,2009,5.475645065,20.1,7.5,50.95769152,1.55
1255,Thailand,THA,2010,6.216702938,22.4,7.7,50.99226137,1.55
1256,Thailand,THA,2011,6.663609028,23.66992562,7.5,51.02760649,1.54
1257,Thailand,THA,2012,6.300235271,26.46,7.7,51.06355801,1.53
1258,Thailand,THA,2013,6.231024742,28.94,7.5,51.09966653,1.52
1259,Thailand,THA,2014,6.985463619,34.89,7.6,51.1353211,1.51
1260,Thailand,THA,2015,6.201762676,39.31612674,7.6,51.17008398,1.5
1261,Thailand,THA,2016,6.07363987,47.50496562,7.6,51.20385004,1.48
1262,Thailand,THA,2017,5.938895226,52.89192934,7.6,51.2368017,1.47
1286,Turkey,TUR,2009,5.212841511,36.4,6.5,50.82240776,2.17
1287,Turkey,TUR,2010,5.490347385,39.82,6.7,50.82854294,2.16
1288,Turkey,TUR,2011,5.271944046,43.06571043,7.2,50.8327,2.14
1289,Turkey,TUR,2012,5.309076309,45.13,7.5,50.83500888,2.12
1290,Turkey,TUR,2013,4.888177395,46.25,7.7,50.83326392,2.11
1291,Turkey,TUR,2014,5.579794407,51.04,7.6,50.8247498,2.09
1292,Turkey,TUR,2015,5.514465332,53.74497914,7.8,50.80827338,2.07
1293,Turkey,TUR,2016,5.326221943,58.34773401,8,50.78249656,2.05
1294,Turkey,TUR,2017,5.607262135,64.68461768,8,50.74973723,2.03
1303,Uganda,UGA,2008,4.568619251,7.9,5.2,50.39773842,6.34
1304,Uganda,UGA,2009,4.611985683,9.78,5.2,50.36936219,6.25
1305,Uganda,UGA,2010,4.192882061,12.5,5.7,50.34506715,6.15
1306,Uganda,UGA,2011,4.826001167,13.01354333,5.4,50.32522695,6.06
1307,Uganda,UGA,2012,4.309237957,14.1,5.3,50.30912533,5.96
1308,Uganda,UGA,2013,3.709578753,15.5,5.4,50.29604915,5.87
1309,Uganda,UGA,2014,3.769919157,16.9,5.5,50.28488278,5.78
1310,Uganda,UGA,2015,4.237686634,17.83485947,5.7,50.27487325,5.68
1311,Uganda,UGA,2016,4.233261108,21.87617046,5.7,50.26593372,5.59
1314,Ukraine,UKR,2008,5.172380447,11,11.3,53.77229998,1.38
1315,Ukraine,UKR,2009,5.1656394,17.9,11.3,53.81520735,1.42
1316,Ukraine,UKR,2010,5.057561398,23.3,11.3,53.84265176,1.45
1317,Ukraine,UKR,2011,5.083132744,28.70826284,11.3,53.85182751,1.47
1318,Ukraine,UKR,2012,5.030342102,35.27,11.3,53.84482807,1.49
1319,Ukraine,UKR,2013,4.710802555,40.954129,11.3,53.82692623,1.5
1320,Ukraine,UKR,2014,4.297329903,46.23597546,11.3,53.80615313,1.51
1321,Ukraine,UKR,2015,3.964542866,48.88464368,11.3,53.78857055,1.53
1322,Ukraine,UKR,2016,4.028690338,53,11.3,53.77599883,1.54
1335,United Kingdom,GBR,2008,6.986463547,78.39,12.8,50.93644871,1.86
1336,United Kingdom,GBR,2009,6.90654707,83.56,13.1,50.90589418,1.88
1337,United Kingdom,GBR,2010,7.029364109,85,13.2,50.87459026,1.89
1338,United Kingdom,GBR,2011,6.869248867,85.37999855,13,50.84214646,1.89
1339,United Kingdom,GBR,2012,6.880784035,87.47999842,12.9,50.80918725,1.89
1340,United Kingdom,GBR,2013,6.918055058,89.8441,12.6,50.77627068,1.88
1341,United Kingdom,GBR,2014,6.758147717,91.61,12.7,50.74434423,1.88
1342,United Kingdom,GBR,2015,6.515445232,92.0003,12.8,50.71410364,1.88
1343,United Kingdom,GBR,2016,6.8242836,94.77580063,12.9,50.68568046,1.87
1346,United States,USA,2008,7.280385971,74,13.2,50.62653246,2.07
1347,United States,USA,2009,7.158032417,71,13.2,50.61773751,2
1348,United States,USA,2010,7.16361618,71.69,13.2,50.60686529,1.93
1349,United States,USA,2011,7.115138531,69.72946076,13.3,50.59342786,1.9
1350,United States,USA,2012,7.026226997,74.7,13.3,50.57792092,1.9
1351,United States,USA,2013,7.249285221,71.4,13.2,50.56130575,1.96
1352,United States,USA,2014,7.151114464,73,13.3,50.5450043,1.95
1353,United States,USA,2015,6.863946915,74.55420245,13.3,50.53003233,1.93
1354,United States,USA,2016,6.803599834,76.17673698,13.4,50.51661883,1.92
1378,Venezuela,VEN,2008,6.257771492,25.88,8.2,50.02761204,2.53
1379,Venezuela,VEN,2009,7.188803196,32.7,8.3,50.05442972,2.5
1380,Venezuela,VEN,2010,7.47845459,37.37,8.9,50.0812869,2.47
1381,Venezuela,VEN,2011,6.579789162,40.22,9.8,50.10822283,2.44
1382,Venezuela,VEN,2012,7.066577435,49.05008307,9.7,50.13508984,2.42
1383,Venezuela,VEN,2013,6.552796364,54.9,9.9,50.16167539,2.39
1384,Venezuela,VEN,2014,6.136096478,57,10,50.18767262,2.37
1385,Venezuela,VEN,2015,5.568800449,61.86924809,10.1,50.21294725,2.34
1386,Venezuela,VEN,2016,4.041114807,60,10.1,50.23737666,2.32
1389,Vietnam,VNM,2008,5.480425358,23.92,7,50.68094275,1.92
1390,Vietnam,VNM,2009,5.304264545,26.55,8,50.65182875,1.94
1391,Vietnam,VNM,2010,5.295780659,30.65,7.5,50.62526657,1.95
1392,Vietnam,VNM,2011,5.767344475,35.07,7.6,50.60213349,1.95
1393,Vietnam,VNM,2012,5.53456974,36.8,7.8,50.58190278,1.96
1394,Vietnam,VNM,2013,5.022698879,38.5,7.9,50.56443371,1.96
1395,Vietnam,VNM,2014,5.084923267,41,7.8,50.54915172,1.96
1396,Vietnam,VNM,2015,5.076315403,43.5,8,50.53565576,1.96
1397,Vietnam,VNM,2016,5.062267303,46.5,8.1,50.52412805,1.95
1398,Yemen,YEM,2007,4.477132797,5.01,2.2,49.475287,5.09
1399,Yemen,YEM,2009,4.809258938,9.96,2.5,49.47228135,4.8
1400,Yemen,YEM,2010,4.35031271,12.35,2.6,49.47052312,4.67
1401,Yemen,YEM,2011,3.746255636,14.905,2.8,49.46889984,4.55
1402,Yemen,YEM,2012,4.060600758,17.4465,3,49.4675145,4.44
1403,Yemen,YEM,2013,4.217678547,20,3,49.4670013,4.33
1404,Yemen,YEM,2014,3.967957973,22.55,3,49.46798272,4.22
1405,Yemen,YEM,2015,2.982673883,24.08540947,3,49.4708559,4.1
1406,Yemen,YEM,2016,3.825630903,24.57920836,3,49.47575622,4
1419,Zimbabwe,ZWE,2008,3.174263716,3.5,7,51.28245315,4.01
1420,Zimbabwe,ZWE,2009,4.055914402,4,7.2,51.29414753,4.02
1421,Zimbabwe,ZWE,2010,4.681569576,6.4,7.3,51.30589765,4.03
1422,Zimbabwe,ZWE,2011,4.845641613,8.4,7.3,51.3189557,4.02
1423,Zimbabwe,ZWE,2012,4.955100536,12,7.9,51.33137047,4
1424,Zimbabwe,ZWE,2013,4.690187931,15.5,8,51.34039602,3.96
1425,Zimbabwe,ZWE,2014,4.184450626,16.36473996,8.2,51.34229767,3.9
1426,Zimbabwe,ZWE,2015,3.70319128,22.7428181,8.2,51.33499718,3.84
1427,Zimbabwe,ZWE,2016,3.7354002,23.11998904,8.2,51.31826498,3.76